01003	14.0	רכיבה על אופניים	רכיבה על אופניים, הרים, בעלייה, נמרץ
01004	16.0	רכיבה על אופניים	רכיבה על אופניים, הרים, מרוץ תחרותי
01008	8.5	רכיבה על אופניים	רכיבה על אופניים, BMX
01009	8.5	רכיבה על אופניים	רכיבה על אופניים, הרים, כללי
01010	4.0	רכיבה על אופניים	רכיבה על אופניים, <10 מייל לשעה, פנאי, לעבודה או להנאה (טיילור קוד 115)
01011	6.8	רכיבה על אופניים	רכיבה על אופניים, הלוך ושוב מהעבודה, קצב חופשי
01013	5.8	רכיבה על אופניים	רכיבה על אופניים, על עפר או חווה כביש, קצב בינוני
01014	7.0	רכיבה על אופניים	רכיבה על אופניים, כללי
01015	4.3	רכיבה על אופניים	רכיבה על אופניים, קצב נוח וחופשי
01016	7.0	רכיבה על אופניים	רכיבה על אופניים, קצב בינוני וחופשי
01017	9.0	רכיבה על אופניים	רכיבה על אופניים, קצב נמרץ וחופשי
01018	3.5	רכיבה על אופניים	רכיבה על אופניים, פנאי 5.5 מייל לשעה
01019	5.8	רכיבה על אופניים	רכיבה על אופניים, פנאי, 9.4 מייל לשעה
01020	6.8	רכיבה על אופניים	רכיבה על אופניים, 10-11.9 מייל לשעה, פנאי, איטי, מאמץ קל
01030	8.0	רכיבה על אופניים	רכיבה על אופניים, 12-13.9 מייל לשעה, פנאי, מאמץ בינוני
01040	10.0	רכיבה על אופניים	רכיבה על אופניים, 14-15.9 מייל לשעה, מרוץ או פנאי, מהיר, מאמץ נמרץ
01050	12.0	רכיבה על אופניים	רכיבה על אופניים, 16-19 מייל לשעה, מרוץ/לא רכיבה בגב שיירה או >19 מייל לשעה רכיבה בגב שיירה, מהיר מאוד, מרוץ כללי
01060	16.8	רכיבה על אופניים	רכיבה על אופניים, >20 מייל לשעה, מרוץ, לא רכיבה בגב שיירה
01065	8.5	רכיבה על אופניים	רכיבה על אופניים, 12 מייל לשעה, ישיבה, ידיים על ידיות בלמים או כידון תחרותי, 80 סל"ד
01066	9.0	רכיבה על אופניים	רכיבה על אופניים, 12 מייל לשעה, עמידה, ידיים על ידיות בלמים, 60 סל"ד
01070	5.0	רכיבה על אופניים	Unicycling
01080	6.8	רכיבה על אופניים	אופניים חשמליים (חשמלית בסיוע) ללא אלקטרוני תמיכה
01084	6.0	רכיבה על אופניים	אופניים חשמליים (חשמלית בסיוע) עם קל אלקטרוני תמיכה
01088	4.0	רכיבה על אופניים	אופניים חשמליים (חשמלית בסיוע) עם גבוה אלקטרוני תמיכה
01200	6.8	רכיבה על אופניים	רכיבה על אופניים, נייח, כללי
01210	3.5	רכיבה על אופניים	רכיבה על אופניים, נייח, 25-30 וואט, קל מאוד עד מאמץ קל
01214	4.0	רכיבה על אופניים	רכיבה על אופניים, נייח, 50 וואט, מאמץ קל
01216	5.0	רכיבה על אופניים	רכיבה על אופניים, נייח, 60 וואט, קל עד בינוני מאמץ
01218	5.8	רכיבה על אופניים	רכיבה על אופניים, נייח, 70-80 וואט
01220	6.0	רכיבה על אופניים	רכיבה על אופניים, נייח, 90-100 וואט, בינוני עד נמרץ
01224	6.8	רכיבה על אופניים	רכיבה על אופניים, נייח, 101-125 וואט
01228	8.0	רכיבה על אופניים	רכיבה על אופניים, נייח, 126-150 וואט
01232	10.3	רכיבה על אופניים	רכיבה על אופניים, נייח, 151-199 וואט
01236	10.8	רכיבה על אופניים	רכיבה על אופניים, נייח, 200-229 וואט, נמרץ
01240	12.5	רכיבה על אופניים	רכיבה על אופניים, נייח, 230-250 וואט, נמרץ מאוד
01244	13.8	רכיבה על אופניים	רכיבה על אופניים, נייח, 270-305 וואט, נמרץ מאוד
01248	16.3	רכיבה על אופניים	רכיבה על אופניים, נייח, >325 וואט, נמרץ מאוד
01252	5.5	רכיבה על אופניים	רכיבה על אופניים, קונצנטרי בלבד, 100 וואט
01254	11.0	רכיבה על אופניים	רכיבה על אופניים, קונצנטרי בלבד, 200 וואט
01262	2.3	רכיבה על אופניים	רכיבה על אופניים, אקסצנטרי בלבד, 100 עד 149 וואט
01264	4.0	רכיבה על אופניים	רכיבה על אופניים, אקסצנטרי בלבד, 200 וואט
01270	9.0	רכיבה על אופניים	רכיבה על אופניים, נייח, סל"ד/Spin bike שיעור
01290	8.8	רכיבה על אופניים	רכיבה על אופניים, interactive וירטואלי cycling, בפנים cycle ארגומטר
01305	8.8	רכיבה על אופניים	רכיבה על אופניים, עצימות גבוהה אינטרוולים אימון
02000	7.3	אימון כושר	אירובי, כללי
02001	5.5	אימון כושר	אירובי, מדרגה, עם 4-אינץ' מדרגה
02002	7.3	אימון כושר	אירובי, מדרגה, עם 6 – 8 אינץ' מדרגה
02003	9.0	אימון כושר	אירובי, מדרגה, עם 10 – 12 אינץ' מדרגה
02004	7.8	אימון כושר	Bench מדרגה שיעור, כללי
02005	4.8	אימון כושר	אירובי ריקוד, נמוך השפעה, מאמץ בינוני
02006	8.0	אימון כושר	אירובי ריקוד, גבוה השפעה, מאמץ נמרץ
02007	10.0	אימון כושר	אירובי ריקוד עם 10-15 ליברות weights
02008	5.0	אימון כושר	Army type obstacle מסלול פעילות גופנית, boot camp אימון program
02020	7.5	אימון כושר	התעמלות חופשית (לדוגמה, שכיבות שמיכה, ישיבה חזרות, pull-חזרות, קפיצה ג'קס, בורפי, battling חבלים), מאמץ נמרץ
02022	3.8	אימון כושר	התעמלות חופשית (לדוגמה, שכיבות שמיכה, ישיבה חזרות, pull-חזרות, lunges), מאמץ בינוני
02024	2.8	אימון כושר	התעמלות חופשית (לדוגמה, curl חזרות, abdominal crunches, plank), מאמץ קל
02030	3.5	אימון כושר	התעמלות חופשית, קל או מאמץ בינוני, כללי (לדוגמה, back תרגילים), going למעלה & למטה מ floor (טיילור קוד 150)
02032	6.0	אימון כושר	אימון מעגלי, גוף משקל תרגילים
02034	3.5	אימון כושר	אימון מעגלי, מאמץ קל
02035	5.0	אימון כושר	אימון מעגלי, מאמץ בינוני
02040	7.5	אימון כושר	אימון מעגלי, כולל kettlebells, some אירובי movement עם minimal rest, כללי, עצימות גבוהה
02045	3.5	אימון כושר	Curves™ פעילות גופנית routines ב נשים
02048	5.0	אימון כושר	אליפטי מכשיר אימון, מאמץ בינוני
02049	9.0	אימון כושר	אליפטי מכשיר אימון, מאמץ נמרץ
02050	6.0	אימון כושר	התנגדות (משקל הרמה - חופשי משקל, nautilus או universal-type), כוח הרמה או גוף בניין, מאמץ נמרץ (טיילור קוד 210)
02052	5.0	אימון כושר	התנגדות (משקל) אימון, squats, deadlift, איטי או explosive מאמץ
02054	3.5	אימון כושר	התנגדות (משקל) אימון, מרובה תרגילים, 8-15 reps ב varied התנגדות
02055	5.8	אימון כושר	התנגדות אימון, circuit, reciprocol supersets, peripheral hear action אימון
02056	3.0	אימון כושר	גוף משקל התנגדות תרגילים (לדוגמה, סקוואט, לאנג', push-למעלה, כפיפות בטן), כללי
02057	6.5	אימון כושר	גוף משקל התנגדות תרגילים (לדוגמה, סקוואט, לאנג', push-למעלה, כפיפות בטן), עצימות גבוהה
02058	9.8	אימון כושר	Kettle bell swings
02060	5.5	אימון כושר	בריאות מועדון פעילות גופנית, כללי (טיילור קוד 160)
02061	5.0	אימון כושר	בריאות מועדון פעילות גופנית שיעורים כללי, gym/משקל אימון combined ב אחד visit
02062	7.8	אימון כושר	בריאות מועדון פעילות גופנית, כושר שיעורים
02064	3.8	אימון כושר	בית פעילות גופנית, כללי
02065	9.3	אימון כושר	Stair הליכון ארגומטר, כללי
02068	11.0	אימון כושר	Rope דילוג פעילות גופנית, כללי
02069	9.0	אימון כושר	קפיצה בחבל, Digi-קפיצה Maching, 120 קפיצות/דקה
02070	7.3	אימון כושר	חתירה, נייח ארגומטר, כללי, מאמץ נמרץ
02071	5.0	אימון כושר	חתירה, נייח ארגומטר, כללי, <100 וואט, מאמץ בינוני
02072	7.5	אימון כושר	חתירה, נייח, 100 עד 149 וואט, מאמץ נמרץ
02073	11.0	אימון כושר	חתירה, נייח, 150 עד 199 וואט, מאמץ נמרץ
02074	14.0	אימון כושר	חתירה, נייח, ≥ 200 וואט, מאוד מאמץ נמרץ
02078	11.0	אימון כושר	Shuttle ריצה, forward/אחורה/lateral
02080	6.8	אימון כושר	סקי מכונה, כללי
02082	10.5	אימון כושר	סקי ארגומטר, שטח פתוח, כפול דחיפה במקלות, איטי עד מהירות בינונית
02084	18.0	אימון כושר	סקי ארגומטר, שטח פתוח, כפול דחיפה במקלות, מהיר עד מרבי מהירות
02085	10.5	אימון כושר	Slide לוח פעילות גופנית, כללי
02090	6.0	אימון כושר	Slimnastics, jazzercise
02101	2.3	אימון כושר	מתיחות, mild
02103	1.8	אימון כושר	פילאטיס, מסורתי, mat
02105	2.8	אימון כושר	פילאטיס, כללי
02107	8.5	אימון כושר	ליברה, שילוב של פילאטיס ו גוף תנועות עם נגינה בתופים
02108	4.5	אימון כושר	מוט ריקוד, פעילות גופנית שיעור
02110	6.8	אימון כושר	הוראה פעילות גופנית שיעורים (לדוגמה, אירובי, מים)
02112	2.8	אימון כושר	טיפולי פעילות גופנית כדור, כדור פיטבול פעילות גופנית
02114	9.5	אימון כושר	טיפולי פעילות גופנית כדור, כדור פיטבול פעילות גופנית, עצימות גבוהה
02115	2.8	אימון כושר	עליון גוף פעילות גופנית, ארגומטר ידיים, כללי, קל
02116	2.0	אימון כושר	ארגומטר ידיים, אופני יד, 15W
02117	2.8	אימון כושר	ארגומטר ידיים, אופני יד, 25-30W
02118	3.5	אימון כושר	ארגומטר ידיים, אופני יד, 45W
02119	4.3	אימון כושר	עליון גוף פעילות גופנית, נייח אופניים - Airdyne (arms בלבד) 40 סל"ד, בינוני עצימות
02120	5.3	אימון כושר	אירובי מים, מים התעמלות חופשית, מים פעילות גופנית
02135	1.3	אימון כושר	Whirlpool, ישיבה
02140	2.5	אימון כושר	וידאו, אימוני כושר, תוכניות כושר בטלוויזיה (לדוגמה, יוגה, מתיחות, ישיבה), מאמץ קל
02143	4.0	אימון כושר	וידאו, אימוני כושר, תוכניות כושר בטלוויזיה (לדוגמה, קרדיוהתנגדות אימון), בינוני
02145	6.0	אימון כושר	וידאו, אימוני כושר, תוכניות כושר בטלוויזיה (לדוגמה, קרדיוהתנגדות אימון), נמרץ
02150	2.3	אימון כושר	יוגה, האטה
02153	8.0	אימון כושר	יוגה, האטה, עצימות גבוהה
02155	3.0	אימון כושר	יוגה, Hot
02160	4.0	אימון כושר	יוגה, כוח
02170	2.0	אימון כושר	יוגה, Nadisodhana
02175	2.3	אימון כושר	יוגה, כללי
02180	3.5	אימון כושר	יוגה, Surya Namaskar
02185	2.7	אימון כושר	יוגה, Vinyasa
02200	5.3	אימון כושר	מקומי חדש ניו זילנדי PA, (לדוגמה, האקה Powhiri, Poi, Moteatea, וכדומה), כללי מאמץ בינוני
02205	6.8	אימון כושר	מקומי חדש ניו זילנדי PA, כללי, מאמץ נמרץ
02210	7.0	אימון כושר	עצימות גבוהה אינטרוולים פעילות גופנית, מאמץ בינוני
02214	11.0	אימון כושר	עצימות גבוהה אינטרוולים פעילות גופנית, בורפי, הרים climbers, סקוואט קפיצות, Tabata, מאמץ נמרץ
02225	2.3	אימון כושר	שיווי משקל פעילות גופנית Assist Robot (BEAR), מדומה סקי, טניס, rodeo
02230	5.8	אימון כושר	חישוק (לשעבר known כ הולה® חישוק)
02240	9.0	אימון כושר	Impulse אימון מערכת, Inertial פעילות גופנית מכשיר אימון
02280	7.9	אימון כושר	וירטואלי מציאות כושר, Supernatural™ “Flow”, “אגרוף" עצימות גבוהה
02284	9.3	אימון כושר	ExerCube, workout series
02288	13.0	אימון כושר	Blackbox Immersive וירטואלי מציאות exergaming מערכת, עצימות גבוהה
02300	3.0	אימון כושר	Wand פעילות גופנית, Life-Build-קו
02310	6.5	אימון כושר	זומבה, group שיעור
02315	5.5	אימון כושר	זומבה, בית וידאו
02340	2.8	אימון כושר	ישיבה עד עמידה פעילות גופנית, 6-12 פעמים/דק׳
02344	4.0	אימון כושר	ישיבה עד עמידה פעילות גופנית, 18-24 פעמים/דק׳
03005	6.0	ריקוד	Afro-Cuban סלסה (Cuban צ'ה-צ'ה-צ'ה, ממבו, Afro רומבה, contratiempo son צעדים, orisha/santo תנועות)
03010	5.0	ריקוד	בלט, מודרני, או ג'אז כללי, rehearsal או שיעור
03011	6.3	ריקוד	בלט תרגילים (plie, tendus, jetes, rond de Jambes, fondus, גדול battement, גדול adage, sautes, temp Leve’s)
03012	6.8	ריקוד	בלט, מודרני, או ג'אז, performance, מאמץ נמרץ
03014	4.8	ריקוד	Tap
03025	4.5	ריקוד	Ethnic או cultural ריקוד (לדוגמה Greek, Middle Eastern, הולה, סלסה, merengue, bamba y plena, פלמנקו, belly, ו סווינג)
03028	5.5	ריקוד	סיני ריקוד סקוור, בלט & Tibetan ריקוד
03029	7.3	ריקוד	סיני ריקוד סקוור, אירובי ריקוד
03030	5.5	ריקוד	סלוני ריקוד, מהיר (טיילור קוד 125)
03031	9.8	ריקוד	מועדון או עממי ריקוד, מאמץ נמרץ (לדוגמה, מועדון, disco, עממי, קו ריקוד, Irish מדרגה ריקוד, polka, contra)
03033	5.0	ריקוד	עממי ריקוד, מאמץ בינוני
03038	11.3	ריקוד	סלוני ריקוד, תחרותי, כללי
03039	13.0	ריקוד	ריקוד סלוני, DanceSport תחרות (מודרני ואלס, טנגו, Viennese ואלס, איטי שועל, quick מדרגה, סמבה, chacha, רומבה, paso doble, jive)
03040	3.0	ריקוד	סלוני, איטי, examples: ואלס, פוקסטרוט, ריקוד איטי, סמבה טנגו, רומבה, 19th century ריקוד, ממבו, צ'ה צ'ה
03042	6.0	ריקוד	ריקוד סלוני, לשם הנאה (ואלס, פוקסטרוט, צ'ה-צ'ה, סווינג)
03050	5.5	ריקוד	Anishinaabe Jingle ריקוד, קצב מהיר וערני, אחר מסורתי אמריקאי הודי ריקוד performed על ידי נשים, מאמץ בינוני
03060	3.5	ריקוד	קריבי ריקוד (Abakua, Beguine, Bellair, בונגו, Brukin’s, קריבי Quadrills, Dinki Mini, Gere, Gumbay, Ibo, Jonkonnu, Kumina, Oreisha, Jambu)
03070	3.8	ריקוד	עכשווי ריקוד, כללי
03072	4.3	ריקוד	עכשווי ריקוד, מועדון
03075	8.5	ריקוד	פלמנקו ריקוד
03078	4.5	ריקוד	ג'אז ריקוד, כללי
03080	10.3	ריקוד	מוזיקלי תיאטרון, שירה/ריקוד
03085	5.8	ריקוד	ריקוד פולינזי, הוואי הולה איטי, Maori האקה, Tongan
03086	7.0	ריקוד	ריקוד פולינזי, הוואי הולה מהיר, סמואי sasa, Fijian סגנון מהיר, Filipino Tinikling
03087	8.8	ריקוד	ריקוד פולינזי, סמואי slap, Tahitian
03090	4.8	ריקוד	סלסה ריקוד, עם partner
03091	6.3	ריקוד	סלסה ריקוד, עד  וידאו
03093	5.5	ריקוד	מרובע ריקוד, אמריקאי Western, country
04001	3.5	דיג וציד	דיג, כללי
04005	4.5	דיג וציד	דיג, crab דיג
04007	4.0	דיג וציד	דיג, catching דגים עם ידיים
04010	4.3	דיג וציד	דיג related, חפירה worms, עם את חפירה
04020	4.0	דיג וציד	דיג מ נהר גדה ו הליכה
04030	2.0	דיג וציד	דיג מ סירה או canoe, ישיבה
04040	3.5	דיג וציד	דיג מ נהר גדה, עמידה (טיילור קוד 660)
04050	6.0	דיג וציד	דיג ב נחל, ב waders (טיילור קוד 670)
04060	2.0	דיג וציד	דיג, קרח, ישיבה
04061	1.8	דיג וציד	דיג, jig או קו, עמידה, כללי
04062	3.5	דיג וציד	דיג, dip רשת, הצבת רשת ואיסוף דגים, כללי
04063	3.8	דיג וציד	דיג, מערכה רשת, הצבת רשת ואיסוף דגים, כללי
04064	3.0	דיג וציד	דיג, דיג גלגל, הצבת רשת ואיסוף דגים, כללי
04065	2.3	דיג וציד	דיג עם  spear, עמידה
04070	2.5	דיג וציד	ציד, bow ו arrow או crossbow
04080	6.0	דיג וציד	ציד, deer, elk, גדול משחק (טיילור קוד 170)
04081	9.8	דיג וציד	ציד גדול משחק, dragging carcass
04083	4.0	דיג וציד	ציד גדול marine בעלי חיים
04085	2.5	דיג וציד	ציד, גדול משחק מ  ציד עמידה, מוגבל הליכה
04086	2.0	דיג וציד	ציד גדול משחק מ  רכב, מקצוע נגרות, או סירה
04090	2.5	דיג וציד	ציד, duck, wading
04095	3.0	דיג וציד	ציד מעופף שועל, סנאי
04100	5.0	דיג וציד	ציד, כללי
04110	6.0	דיג וציד	ציד, pheasants או grouse (טיילור קוד 680)
04115	3.3	דיג וציד	ציד birds
04120	5.0	דיג וציד	ציד, rabbit, סנאי, prairie chick, raccoon, קטן משחק (טיילור קוד 690)
04123	3.3	דיג וציד	ציד pigs, בר
04124	2.0	דיג וציד	Trapping משחק, כללי
04125	9.5	דיג וציד	ציד - טיולי הליכה עם ציד ציוד
04130	2.5	דיג וציד	Pistol ירי או trap ירי, עמידה
04140	2.3	דיג וציד	רובה תרגילים, ירי, שכיבה למטה
04145	2.5	דיג וציד	רובה תרגילים, ירי, כריעה או עמידה
04150	2.8	דיג וציד	ליקוט, 0-9.9 ק"ג תרמיל גב
04152	3.0	דיג וציד	ליקוט, 10-15 ק"ג תרמיל גב
04160	1.0	דיג וציד	ישיבה ב סירה, נוסע
04164	1.5	דיג וציד	עמידה ב סירה
04168	3.3	דיג וציד	פעילויות ב  סירה, הרמה, lowering
05010	3.3	פעילויות בית	ניקיון, טאטוא שטיח או רצפות, כללי
05011	2.3	פעילויות בית	ניקיון, טאטוא, איטי, מאמץ קל
05012	3.8	פעילויות בית	ניקיון, טאטוא, מהיר, מאמץ בינוני
05020	3.5	פעילויות בית	ניקיון כבד או עיקרי (לדוגמה, שטיפה רכב, clean מוסך), מאמץ בינוני
05021	3.5	פעילויות בית	ניקיון, שטיפת רצפה, עמידה, מאמץ בינוני
05022	3.3	פעילויות בית	ניקיון חלונות, ניקוי חלונות, כללי
05023	2.5	פעילויות בית	שטיפת רצפה, עמידה, מאמץ קל
05024	4.5	פעילויות בית	צחצוח רצפות, עמידה, הליכה באיטיות, באמצעות חשמלי צחצוח מכונה
05025	2.8	פעילויות בית	כמה משימות בית בו-זמנית, מאמץ קל
05026	3.3	פעילויות בית	כמה משימות בית בו-זמנית, מאמץ בינוני
05027	4.3	פעילויות בית	כמה משימות בית בו-זמנית, מאמץ נמרץ
05030	3.3	פעילויות בית	ניקיון, בית או תא, כללי, מאמץ בינוני
05032	2.5	פעילויות בית	ניגוב אבק או צחצוח רהיטים, כללי
05035	3.3	פעילויות בית	מטבח activity, כללי, (לדוגמה, בישול, שטיפת כלים, ניקיון למעלה) מאמץ בינוני
05040	2.5	פעילויות בית	ניקיון, כללי (straightening למעלה, החלפה linen, נשיאה החוצה אשפה), מאמץ קל
05041	2.0	פעילויות בית	שטיפה כלים, עמידה או ב כללי (לא שבור אל תוך עמידה/הליכה רכיבים)
05042	2.0	פעילויות בית	שטיפה כלים, פינוי כלים מ שולחן, הליכה, מאמץ קל
05043	3.0	פעילויות בית	שאיבת אבק, כללי, מאמץ בינוני
05044	3.0	פעילויות בית	קצביה בעלי חיים, קטן
05045	6.0	פעילויות בית	קצביה בעלי חיים, גדול, מאמץ נמרץ
05046	2.3	פעילויות בית	חיתוך ו smoking דגים, drying דגים או meat
05048	4.0	פעילויות בית	Tanning hides, כללי
05049	3.5	פעילויות בית	בישול או מזון הכנה, מאמץ בינוני
05050	2.0	פעילויות בית	בישול או מזון הכנה - עמידה או ישיבה או ב כללי (לא שבור אל תוך עמידה/הליכה רכיבים), ידני מכשירי חשמל, מאמץ קל
05051	2.3	פעילויות בית	בישול או מזון הכנה, הליכה
05052	2.3	פעילויות בית	הגשה מזון, setting/ניקיון שולחן, בהנחת הליכה או עמידה
05053	2.5	פעילויות בית	האכלה משק בית בעלי חיים
05054	3.5	פעילויות בית	נשיאת קניות, על קרקע ישרה, הליכה
05055	2.5	פעילויות בית	פאטינג הרחק קניות מזון (לדוגמה נשיאת קניות, נשיאה packages)
05056	5.3	פעילויות בית	נשיאת קניות במעלה מדרגות
05057	3.0	פעילויות בית	בישול הודי bread או אחר מזון על  בחוץ stove
05060	3.3	פעילויות בית	מזון קניות עם או ללא  grocery עגלה; נשיאה  10 ליברות תיק; עמידה או הליכה
05065	2.3	פעילויות בית	לאמזון קניות, עם או ללא עגלה, עמידה או הליכה
05070	1.8	פעילויות בית	Ironing
05080	1.3	פעילויות בית	סריגה, תפירה, מאמץ קל, wrapping presents, ישיבה
05082	2.8	פעילויות בית	תפירה עם  מכונה
05090	2.3	פעילויות בית	כביסה, קיפול או תלייה בגדים, הנחה בגדים ב washer או dryer, אריזה מזוודה, שטיפה בגדים ביד, בהנחת עמידה, מאמץ קל
05091	2.0	פעילויות בית	כביסה, קיפול או תלייה בגדים, ישיבה
05092	4.0	פעילויות בית	כביסה, מאמץ בינוני
05095	2.0	פעילויות בית	כביסה, פאטינג הרחק בגדים, איסוף בגדים עד תרמיל, פאטינג הרחק כביסה, בהנחת הליכה
05100	3.0	פעילויות בית	הכנה מיטה, החלפה linens
05110	5.0	פעילויות בית	Maple syruping/sugar bushing (כולל נשיאה buckets, נשיאה עץ)
05120	5.8	פעילויות בית	הזזת רהיטים, משק בית פריטים, נשיאה קופסאות
05121	5.0	פעילויות בית	הזזה, הרמה קל משאות
05125	4.8	פעילויות בית	Organizing  חדר
05130	3.5	פעילויות בית	שפשוף רצפות, על ארבע, שפשוף חדר אמבטיה, אמבטיה, מאמץ בינוני
05131	2.0	פעילויות בית	שפשוף רצפות, על ארבע, שפשוף חדר אמבטיה, אמבטיה, מאמץ קל
05132	6.5	פעילויות בית	שפשוף רצפות, על ארבע, שפשוף חדר אמבטיה, אמבטיה, מאמץ נמרץ
05140	3.0	פעילויות בית	טאטוא מוסך, sidewalk, או בחוץ בית
05146	3.8	פעילויות בית	עמידה, אריזה/unpacking קופסאות, מזדמן הרמה lightweight משק בית פריטים, טעינה או פריקה פריטים אל תוך  רכב, מאמץ בינוני
05147	3.0	פעילויות בית	בהנחת הליכה, פאטינג הרחק משק בית פריטים, מאמץ בינוני
05148	2.0	פעילויות בית	השקיה צמחים
05149	2.5	פעילויות בית	בניין  אש בפנים
05150	9.0	פעילויות בית	הזזה משק בית פריטים במעלה מדרגות, נשיאה קופסאות או רהיטים
05160	2.0	פעילויות בית	עמידה, מאמץ קל משימות (pump גז, החלפה קל bulb, וכדומה)
05165	3.5	פעילויות בית	הליכה, מאמץ בינוני משימות, לאניקיון (readying עד עזיבה, shut/lock doors, close חלונות, וכדומה
05170	2.3	פעילויות בית	ישיבה, משחק עם ילד/ים, מאמץ קל, רק בזמני פעילות בפועל
05171	2.8	פעילויות בית	עמידה, משחק עם ילד/ים, מאמץ קל, רק בזמני פעילות בפועל
05175	3.5	פעילויות בית	הליכה/ריצה, משחק עם ילד/ים, מאמץ בינוני, רק בזמני פעילות בפועל
05180	5.8	פעילויות בית	הליכה/ריצה, משחק עם ילד/ים, מאמץ נמרץ, רק בזמני פעילות בפועל
05181	3.0	פעילויות בית	הליכה ו נשיאה קטן ילד, ילד שקילה 15 ליברות ומעלה
05182	2.5	פעילויות בית	הליכה ו נשיאה קטן ילד, ילד שקילה פחות מ 15 ליברות
05183	2.0	פעילויות בית	עמידה, holding ילד
05184	2.5	פעילויות בית	טיפול בילדים, infant, כללי
05185	2.0	פעילויות בית	טיפול בילדים: ישיבה או כריעה, התלבשות, רחצה, טיפוח, האכלה, מזדמן הרמה של ילד-מאמץ קל, כללי
05186	3.5	פעילויות בית	טיפול בילדים: עמידה, התלבשות, רחצה, טיפוח, האכלה, מזדמן הרמה של ילד- מאמץ קל
05188	1.5	פעילויות בית	שכיבה למחצה עם תינוק
05189	2.0	פעילויות בית	Breastfeeding, ישיבה או שכיבה למחצה
05190	2.5	פעילויות בית	ישיבה, משחק עם בעלי חיים, קל, בלבד פעיל period
05191	2.8	פעילויות בית	עמידה, משחק עם בעלי חיים, מאמץ קל, רק בזמני פעילות בפועל
05192	2.8	פעילויות בית	הליכה או ריצה, משחק עם בעלי חיים, כללי, מאמץ קל, רק בזמני פעילות בפועל
05193	4.0	פעילויות בית	הליכה/ריצה, משחק עם בעלי חיים, מאמץ בינוני, רק בזמני פעילות בפועל
05194	5.0	פעילויות בית	הליכה/ריצה, משחק עם בעלי חיים, מאמץ נמרץ, רק בזמני פעילות בפועל
05195	3.5	פעילויות בית	עמידה, רחצה כלב
05197	2.3	פעילויות בית	טיפול בבעלי חיים, משק בית בעלי חיים, כללי
05200	3.0	פעילויות בית	מבוגר טיפול, עם מוגבלות מבוגר, רחצה, התלבשות, הזזה אל תוך ו החוצה של מיטה, רק בזמני פעילות בפועל
05205	1.8	פעילויות בית	מבוגר טיפול, עם מוגבלות מבוגר, האכלה, combing שיער, מאמץ קל, רק בזמני פעילות בפועל
05300	1.3	פעילויות בית	Handwashing
06010	3.0	תיקונים בבית	מטוס תיקון
06020	4.0	תיקונים בבית	רכב גוף עבודה
06030	3.3	תיקונים בבית	רכב תיקון, קל או מאמץ בינוני
06040	3.0	תיקונים בבית	נגרות, כללי, workshop (טיילור קוד 620)
06050	6.0	תיקונים בבית	נגרות, בחוץ בית, (קוד טיילור 640)
06052	3.8	תיקונים בבית	נגרות, בחוץ בית, בניין  גדר
06060	3.3	תיקונים בבית	נגרות, גימור, varnishing, או refinishing cabinets או רהיטים
06070	6.0	תיקונים בבית	נגרות, ניסור hardwood, planing ו קידוח עץ, בינוני-עדמאמץ נמרץ
06072	4.0	תיקונים בבית	נגרות, בית שיפוץ משימות, מאמץ בינוני
06074	2.3	תיקונים בבית	נגרות, בית שיפוץ משימות, מאמץ קל
06080	5.0	תיקונים בבית	איטום, chinking גזע תא
06090	4.5	תיקונים בבית	איטום, except גזע תא
06100	5.0	תיקונים בבית	ניקיון gutters
06110	5.0	תיקונים בבית	Excavating מוסך
06120	5.0	תיקונים בבית	תלייה storm חלונות
06122	5.0	תיקונים בבית	תלייה סדין סלע בפנים בית
06124	3.0	תיקונים בבית	Hammering ציפורניים
06126	2.5	תיקונים בבית	תיקוני בית, כללי, מאמץ קל
06127	4.5	תיקונים בבית	תיקוני בית, כללי, מאמץ בינוני
06128	6.0	תיקונים בבית	תיקוני בית, כללי, מאמץ נמרץ
06130	4.5	תיקונים בבית	הנחה או הסרה שטיח
06140	3.8	תיקונים בבית	הנחה tile או linoleum
06144	3.0	תיקונים בבית	Repairing מכשירי חשמל
06150	5.0	תיקונים בבית	צביעה, בחוץ בית (טיילור קוד 650)
06160	3.3	תיקונים בבית	צביעה בפנים בית, wallpapering, גירוד paint
06165	4.5	תיקונים בבית	צביעה (טיילור קוד 630)
06167	3.0	תיקונים בבית	אינסטלציה, כללי
06170	3.0	תיקונים בבית	הנחה על ו removal של tarp – סירת מפרש
06180	6.0	תיקונים בבית	Roofing
06190	4.5	תיקונים בבית	Sanding רצפות עם  כוח sander
06200	4.5	תיקונים בבית	גירוד ו צביעה סירת מפרש או powerboat
06205	2.0	תיקונים בבית	Sharpening כלים
06210	5.0	תיקונים בבית	פיזור עפר עם  את חפירה
06220	4.5	תיקונים בבית	שטיפה ו הצמדת שעווה hull של סירת מפרש או מטוס
06225	2.0	תיקונים בבית	שטיפה ו הצמדת שעווה רכב
06230	4.5	תיקונים בבית	שטיפה גדר, צביעה גדר, מאמץ בינוני
06240	3.3	תיקונים בבית	Wiring, tapping-splicing
07009	1.0	חוסר פעילות	שכיבה בשקט ו צפייה טלוויזיה
07011	1.0	חוסר פעילות	שכיבה בשקט, doing nothing, שכיבה ב מיטה awake, האזנה עד מוזיקה (לא שיחה או קריאה)
07020	1.0	חוסר פעילות	ישיבה, שעון טלוויזיה
07021	1.0	חוסר פעילות	ישיבה בשקט, כללי
07022	1.5	חוסר פעילות	ישיבה בשקט, תזוזות קלות, כללי, תזוזות קלות ידיים
07023	1.8	חוסר פעילות	ישיבה, fidget feet
07024	1.3	חוסר פעילות	ישיבה smoking
07025	1.5	חוסר פעילות	ישיבה, האזנה עד מוזיקה (לא שיחה או קריאה) או צפייה  movie ב  תיאטרון
07026	1.3	חוסר פעילות	ישיבה ב  שולחן עבודה, מנוחה ראש ב ידיים
07030	1.0	חוסר פעילות	Sleeping
07040	1.3	חוסר פעילות	עמידה בשקט (עמידה ב  קו)
07041	1.5	חוסר פעילות	עמידה (תזוזות קלות)
07045	1.3	חוסר פעילות	עמידה צפייה טלוויזיה
07050	1.5	חוסר פעילות	שכיבה למחצה, כתיבה
07060	1.3	חוסר פעילות	שכיבה למחצה, שיחה או שיחה על טלפון
07070	1.3	חוסר פעילות	שכיבה למחצה, קריאה
07075	1.0	חוסר פעילות	Meditating
08009	4.1	גינון	נשיאה, טעינה או ערימה עץ, טעינה/פריקה או נשיאה עצי בניין, קל-עד מאמץ בינוני
08010	5.5	גינון	נשיאה, טעינה או ערימה עץ, טעינה/פריקה או נשיאה עצי בניין, מאמץ בינוני
08019	4.5	גינון	בקיעת עצים, בקיעה גזעים, מאמץ בינוני
08020	6.5	גינון	בקיעת עצים, בקיעה גזעים, מאמץ נמרץ
08025	3.5	גינון	פינוי קל מברשת, thinning גינה, מאמץ בינוני
08030	6.3	גינון	פינוי יבשה, haul מברשת, undergrowth, או קרקע, מאמץ נמרץ
08040	5.0	גינון	חפירה sandbox, חפירה במגרפה חול
08045	3.5	גינון	חפירה, חפירה בעדר, עבודת אדמה בגינה, קומפוסט, מאמץ קל עד בינוני
08050	5.0	גינון	חפירה, חפירה בעדר, עבודת אדמה בגינה, קומפוסט (טיילור קוד 590)
08052	7.3	גינון	חפירה, חפירה בעדר, עבודת אדמה בגינה, קומפוסט, מאמץ נמרץ
08055	2.8	גינון	נהיגה טרקטור
08057	8.3	גינון	כריתת עצים עצים, גדול גודל
08058	5.3	גינון	כריתת עצים עצים, קטן-בינוני גודל
08060	5.8	גינון	גינון עם כבד כוח כלים, באמצעות chain מסור, tilling  גינה
08066	2.0	גינון	גינון, כללי
08070	4.0	גינון	Irrigation channels, opening ו closing ports
08080	6.3	גינון	הנחה crushed סלע או gravel
08090	5.0	גינון	הנחה sod
08095	5.5	גינון	כיסוח דשא, כללי, הליכה, מאמץ בינוני
08100	2.5	גינון	כיסוח דשא, נסיעה מכסחת דשא (טיילור קוד 550)
08110	6.0	גינון	כיסוח דשא, יד מכסחת דשא, מאמץ נמרץ (טיילור קוד 570)
08120	5.0	גינון	כיסוח דשא, הליכה, כוח מכסחת דשא, בינוני או מאמץ נמרץ
08125	4.5	גינון	כיסוח דשא, כוח מכסחת דשא, קל או מאמץ בינוני (טיילור קוד 590)
08130	2.5	גינון	הפעלה שלג מפוח, הליכה
08135	2.6	גינון	שתילה, potting, transplanting שתילים או צמחים, מאמץ קל
08140	4.3	גינון	שתילה שתילים, שיחים, רכינה, מאמץ בינוני
08145	4.3	גינון	שתילה יבולים או גינה, רכינה, מאמץ בינוני
08150	4.5	גינון	שתילה עצים
08160	4.0	גינון	גריפת דשא או עלים, מאמץ בינוני
08165	4.0	גינון	גריפת דשא (טיילור קוד 600)
08170	4.0	גינון	Raking גג עם שלג rake
08180	3.0	גינון	נסיעה שלג מפוח
08190	4.0	גינון	Sacking דשא, עלים
08192	5.5	גינון	חפירה במגרפה עפר או mud
08195	5.3	גינון	פינוי שלג, ביד, מאמץ בינוני
08200	6.0	גינון	פינוי שלג, ביד (טיילור קוד 610)
08202	7.5	גינון	פינוי שלג, ביד, מאמץ נמרץ
08210	3.8	גינון	גיזום שיחים או עצים, ידני מחתך
08215	3.3	גינון	גיזום שיחים או עצים, כוח מחתך, באמצעות leaf מפוח, edger, מאמץ בינוני
08220	3.0	גינון	הליכה, applying fertilizer או seeding  דשא, push applicator
08230	4.0	גינון	השקיה דשא או גינה, עמידה או הליכה
08239	3.8	גינון	עישוב, עיבוד גינה, מאמץ קל עד בינוני
08240	4.5	גינון	עישוב, עיבוד גינה, מאמץ בינוני (טיילור קוד 580)
08241	5.0	גינון	עישוב, עיבוד גינה, באמצעות hoe בינוני-עדמאמץ נמרץ
08245	3.8	גינון	גינון, כללי, מאמץ בינוני
08246	3.5	גינון	קטיף פרי או coffee מ עצים, מאמץ בינוני
08248	4.5	גינון	אסיף Produce, קטיף פרי כבוי עצים, gleaning פירות, קטיף פירות/ירקות, טיפוס סולם עד קטיף פרי, מאמץ נמרץ
08250	3.0	גינון	בהנחת הליכה/עמידה - קטיף למעלה יארד, קל, קטיף flowers או ירקות
08251	3.0	גינון	הליכה, איסוף גינון כלים
08255	4.8	גינון	גלגל מריצה, דחיפה גינה עגלה או מריצה, כללי
08256	6.0	גינון	גלגל מריצה, דחיפה גדול גינה עגלה או כבד מריצה עד 150 ק"ג
08260	2.3	גינון	עבודת גינה, כללי, מאמץ קל
08261	4.0	גינון	עבודת גינה, כללי, מאמץ בינוני
08262	6.0	גינון	עבודת גינה, כללי, מאמץ נמרץ
09000	1.3	שונות	לוח משחק נגינה, ישיבה
09005	2.5	שונות	Casino gambling, עמידה
09010	1.5	שונות	Card נגינה, ישיבה
09013	1.5	שונות	Chess משחק, ישיבה
09015	1.5	שונות	Copying או תיוק documents, עמידה
09020	1.8	שונות	Drawing, כתיבה, צביעה, עמידה
09025	1.0	שונות	Laughter, ישיבה
09030	1.0	שונות	ישיבה: קריאה, book, newspaper, magazine
09034	1.8	שונות	ישיבה, הקלדה או קריאה על  שיווי משקל כיסא/stability כדור
09036	2.0	שונות	צפייה tv, stepping during מסחרי breaks
09040	1.3	שונות	ישיבה: כתיבה, שולחן עבודה עבודה, הקלדה
09050	1.3	שונות	עמידה: שיחה ב אדם, על  טלפון, מחשב, טקסט messaging, כתיבה
09055	1.3	שונות	ישיבה: שיחה ב אדם, על  טלפון, מחשב, או טקסט messaging, מאמץ קל
09060	1.5	שונות	ישיבה - studying, כללי, כולל קריאה ו/או כתיבה, מאמץ קל
09065	1.8	שונות	ישיבה - ב שיעור, כללי, כולל note-נטילה או שיעור discussion
09070	1.0	שונות	עמידה - קריאה
09071	2.5	שונות	עמידה: שונות
09075	1.8	שונות	ישיבה: אמנויות ו מלאכת יד, גילוף עץ, אריגה, ספינינג צמר, מאמץ קל
09080	3.0	שונות	ישיבה: אמנויות ו מלאכת יד, גילוף עץ, אריגה, ספינינג צמר, מאמץ בינוני
09085	2.5	שונות	עמידה: אמנויות ו מלאכת יד, ציור בחול, גילוף, אריגה, מאמץ קל
09090	3.3	שונות	עמידה - אמנויות ו מלאכת יד, ציור בחול, גילוף, אריגה, מאמץ בינוני
09095	3.5	שונות	עמידה - אמנויות ו מלאכת יד, ציור בחול, גילוף, אריגה, מאמץ נמרץ
09100	1.5	שונות	התכנסות/משפחה התכנסות פעילויות הכולל ישיבה, relaxing, שיחה, אכילה
09101	2.5	שונות	התכנסות/משפחה התכנסות פעילויות הכולל נגינה משחקים עם ילדים
09105	2.0	שונות	סיור/נסיעה/חופשה הכולל נסיעה ב רכב
09106	3.5	שונות	סיור/נסיעה/חופשה הכולל הליכה
09110	2.5	שונות	קמפינג הכולל עמידה, הליכה, ישיבה, מאמץ קל עד בינוני
09115	1.5	שונות	ישיבה ב  sporting event, צופה
10010	1.8	נגינה	Accordion, ישיבה
10020	2.3	נגינה	Cello, ישיבה
10030	2.3	נגינה	ניצוח orchestra, עמידה
10035	2.5	נגינה	כפול bass, עמידה
10040	3.8	נגינה	תופים, ישיבה
10045	3.0	נגינה	נגינה בתופים (לדוגמה, בונגו, conga, benbe), בינוני, ישיבה
10048	8.3	נגינה	נגינה בתופים, concert/live show
10050	2.0	נגינה	Flute, ישיבה
10060	1.8	נגינה	Horn, עמידה
10070	2.3	נגינה	פסנתר, ישיבה
10074	2.0	נגינה	נגינה מוזיקלי כלי נגינה, כללי
10077	2.0	נגינה	Organ, ישיבה
10080	3.5	נגינה	Trombone, עמידה
10090	2.5	נגינה	Trumpet, עמידה
10100	2.5	נגינה	Violin, ישיבה
10110	1.8	נגינה	Woodwind כלי נגינה, ישיבה
10115	1.8	נגינה	Brass כלי נגינה, ישיבה
10120	2.0	נגינה	גיטרה, classical, עממי, ישיבה
10125	3.0	נגינה	גיטרה, סלע ו roll תזמורת, עמידה
10130	4.0	נגינה	תזמורת צועדת, baton twirling, הליכה, קצב בינוני, כללי
10131	5.5	נגינה	תזמורת צועדת, נגינה  כלי נגינה, הליכה, קצב מהיר וערני, כללי
10135	3.5	נגינה	תזמורת צועדת, drum עיקרי, הליכה
11000	2.0	עבודה ותעסוקה	עמדת עבודה פעילה, דיווש שולחן עבודה, שיווי משקל כיסא/כדור, כללי, מאמץ קל
11001	3.5	עבודה ותעסוקה	עמדת עבודה פעילה, דיווש שולחן עבודה (40 וואט)
11002	5.3	עבודה ותעסוקה	עמדת עבודה פעילה, דיווש שולחן עבודה (80 וואט)
11003	2.0	עבודה ותעסוקה	עמדת עבודה פעילה, הליכון שולחן עבודה, הליכה באיטיות 1.0 מייל לשעה או פחות
11004	2.8	עבודה ותעסוקה	עמדת עבודה פעילה, הליכון שולחן עבודה, הליכה 1.0 - 2.0 מייל לשעה
11006	3.0	עבודה ותעסוקה	Airline flight attendant
11008	4.8	עבודה ותעסוקה	Apple אסיף
11010	4.0	עבודה ותעסוקה	מאפייה, כללי, מאמץ בינוני
11015	2.0	עבודה ותעסוקה	מאפייה, מאמץ קל
11020	2.3	עבודה ותעסוקה	Bookbinding
11030	6.0	עבודה ותעסוקה	בניין כביש, נהיגה כבד machinery
11035	2.0	עבודה ותעסוקה	בניין כביש, ניתוב תנועה, עמידה
11038	2.5	עבודה ותעסוקה	נגרות, כללי, מאמץ קל
11040	4.3	עבודה ותעסוקה	נגרות, כללי, מאמץ בינוני
11042	7.0	עבודה ותעסוקה	נגרות, כללי, כבד או מאמץ נמרץ
11050	8.0	עבודה ותעסוקה	נשיאה כבד משאות (לדוגמה, bricks, כלים)
11060	8.0	עבודה ותעסוקה	נשיאה בינוני משאות במעלה מדרגות, הזזת קופסאות, 25-49 ליברות
11070	4.0	עבודה ותעסוקה	Chambermaid, hotel housekeeper, הכנה מיטה, ניקיון bathroom, דחיפה עגלה
11072	4.3	עבודה ותעסוקה	ניקיון, שאיבת אבק מסחרי space
11080	5.3	עבודה ותעסוקה	כרייה בפחם, קידוח פחם, סלע
11090	5.0	עבודה ותעסוקה	כרייה בפחם, erecting supports
11100	5.5	עבודה ותעסוקה	כרייה בפחם, כללי
11110	6.3	עבודה ותעסוקה	כרייה בפחם, חפירה במגרפה פחם, ביד
11115	2.5	עבודה ותעסוקה	Cook, chef
11120	4.0	עבודה ותעסוקה	בנייה, בחוץ, שיפוץ, חדש structures (לדוגמה, גג תיקון, שונות)
11124	2.3	עבודה ותעסוקה	בנייה, rebar, מוט bending/fixing
11125	2.3	עבודה ותעסוקה	אחזקה עבודה, מאמץ קל (לדוגמה, ניקיון sink ו שירותים, ניגוב אבק, שאיבת אבק, קל ניקיון)
11126	3.8	עבודה ותעסוקה	אחזקה עבודה, מאמץ בינוני (לדוגמה, buffing רצפות עם חשמלי buffer, feathering או טאטוא arena רצפות, שטיפת רצפה, נטילה החוצה  אשפה, שאיבת אבק)
11130	3.3	עבודה ותעסוקה	חשמלי עבודה (לדוגמה, hook למעלה wire, tapping, splicing); אינסטלציה moved עד 11516
11135	1.8	עבודה ותעסוקה	Engineer (לדוגמה, מכני או חשמלי)
11145	7.8	עבודה ותעסוקה	חקלאות, מאמץ נמרץ (לדוגמה, baling hay, ניקיון barn), includes former קוד 11200
11146	4.8	עבודה ותעסוקה	חקלאות, מאמץ בינוני (לדוגמה, האכלה בעלי חיים, chasing בקר על ידי הליכה ו/או רכיבה על סוסים, פיזור manure, אסיף יבולים)
11147	2.0	עבודה ותעסוקה	חקלאות, מאמץ קל, (לדוגמה, ניקיון בעל חיים sheds, הכנה בעל חיים האכלה)
11170	2.8	עבודה ותעסוקה	חקלאות, נהיגה משימות (לדוגמה, נהיגה טרקטור או harvester)
11180	3.5	עבודה ותעסוקה	חקלאות, האכלה קטן בעלי חיים
11190	4.3	עבודה ותעסוקה	חקלאות, האכלה בקר, סוסים
11191	4.3	עבודה ותעסוקה	חקלאות, גרירה מים עבור בעלי חיים, fetching מים מ  well או נחל
11192	4.5	עבודה ותעסוקה	חקלאות, נטילה טיפול של בעלי חיים (לדוגמה, טיפוח, צחצוח, shearing sheep, assisting עם birthing, רפואי טיפול, branding), כללי
11195	3.8	עבודה ותעסוקה	חקלאות, אורז, שתילה, grain milling פעילויות
11210	3.5	עבודה ותעסוקה	חקלאות, חליבה ביד, ניקיון pails, מאמץ בינוני
11220	1.3	עבודה ותעסוקה	חקלאות, חליבה על ידי מכונה, מאמץ קל
11222	3.0	עבודה ותעסוקה	חקלאות, חליבה פרות, מלא חליבה process, מודרני חליבה parlor עם חליבה machines
11240	8.0	עבודה ותעסוקה	כבאי, כללי
11244	6.8	עבודה ותעסוקה	כבאי, rescue victim, רכב accident, באמצעות pike מוט
11245	8.0	עבודה ותעסוקה	כבאי, raising ו טיפוס סולם עם מלא ציוד, מדומה אש suppression
11246	9.0	עבודה ותעסוקה	כבאי, גרירה hoses על קרקע, נשיאה/hoisting ציוד, breaking למטה walls וכדומה, עם מלא ציוד
11247	3.5	עבודה ותעסוקה	דיג, מסחרי, מאמץ קל
11248	5.0	עבודה ותעסוקה	דיג, מסחרי, מאמץ בינוני
11250	17.5	עבודה ותעסוקה	יערנות, בקיעת עצים בגרזן, מהיר מאוד, 1.25 ק"ג גרזן, 51 מכות/דק׳, extremely מאמץ נמרץ
11260	5.0	עבודה ותעסוקה	יערנות, בקיעת עצים בגרזן, איטי, 1.25 ק"ג גרזן, 19 מכות/דק׳, מאמץ בינוני
11262	8.0	עבודה ותעסוקה	יערנות, בקיעת עצים בגרזן, מהיר, 1.25 ק"ג גרזן, 35 מכות/דק׳, מאמץ נמרץ
11264	5.0	עבודה ותעסוקה	יערנות, מאמץ בינוני (לדוגמה, ניסור עץ עם כוח מסור, עישוב, hoeing)
11266	8.5	עבודה ותעסוקה	יערנות, מאמץ נמרץ (לדוגמה, barking, כריתת עצים, או גיזום עצים, נשיאה או ערימה גזעים, שתילה seeds, ניסור עצי בניין ביד )
11370	4.8	עבודה ותעסוקה	Furriery
11375	3.8	עבודה ותעסוקה	Garbage collector, הליכה, dumping bins אל תוך משאית, street ניקיון
11378	1.8	עבודה ותעסוקה	Hairstylist (לדוגמה, plaiting שיער, manicure, make למעלה artist)
11380	7.3	עבודה ותעסוקה	סוס טיפוח, כולל האכלה, ניקיון דוכנים, רחצה, צחצוח, clipping, longeing ו exercising סוסים.
11381	4.3	עבודה ותעסוקה	סוס, האכלה, השקיה, ניקיון דוכנים, בהנחת הליכה ו הרמה משאות
11383	4.5	עבודה ותעסוקה	רכיבה על סוסים, עבודה, חיתוך פרות
11390	7.8	עבודה ותעסוקה	מרוץ סוסים, galloping, cantor
11400	6.3	עבודה ותעסוקה	מרוץ סוסים, רוכב מרוצים, דהירה קלה
11410	2.3	עבודה ותעסוקה	מרוץ סוסים, רוכב מרוצים, הליכה
11413	3.0	עבודה ותעסוקה	מטבח maid
11415	4.0	עבודה ותעסוקה	דשא שוער, עבודת גינה, כללי
11416	3.0	עבודה ותעסוקה	דשא שוער, עישוב, גז powered
11418	3.3	עבודה ותעסוקה	כביסה עובד
11420	3.0	עבודה ותעסוקה	Locksmith
11430	3.0	עבודה ותעסוקה	מכונה עיבוד כלים (לדוגמה, machining, עבודה סדין metal, מכונה fitter, הפעלה lathe, ריתוך) מאמץ קל עד בינוני
11450	5.0	עבודה ותעסוקה	מכונה עיבוד כלים, הפעלה punch press, מאמץ בינוני
11472	1.8	עבודה ותעסוקה	Manager, property
11475	2.8	עבודה ותעסוקה	עבודת כפיים לא מקצועית, כללי, מאמץ קל
11476	4.5	עבודה ותעסוקה	עבודת כפיים לא מקצועית, כללי, מאמץ בינוני
11477	6.5	עבודה ותעסוקה	עבודת כפיים לא מקצועית, כללי, מאמץ נמרץ
11480	4.3	עבודה ותעסוקה	Masonary, בטון, מאמץ בינוני
11482	2.5	עבודה ותעסוקה	בנייה באבן, בטון, מאמץ קל
11485	5.5	עבודה ותעסוקה	Massage therapist, עמידה
11486	2.3	עבודה ותעסוקה	דואר נשא, הליכה עד deliver דואר
11487	1.5	עבודה ותעסוקה	דואר משלוח, motorbike
11488	3.5	עבודה ותעסוקה	דואר משלוח, Electronically בסיוע אופניים
11490	7.5	עבודה ותעסוקה	הזזה, נשיאה או דחיפה כבד חפצים, 75 ליברות ומעלה, בלבד פעיל זמן (לדוגמה, desks, הזזה van עבודה)
11493	8.5	עבודה ותעסוקה	כרייה, כללי services, קידוח, כרייה תמיכה jobs (מכני, ריתוך, pipe installation, כללי בנייה)
11495	12.0	עבודה ותעסוקה	צלילה חופשית או צלילה בציוד כ  frogman, Navy Seal
11500	2.5	עבודה ותעסוקה	הפעלה כבד duty ציוד, automated, לא נהיגה
11510	3.5	עבודה ותעסוקה	Orange grove עבודה, קטיף פרי
11514	3.3	עבודה ותעסוקה	צביעה, בית, רהיטים, מאמץ בינוני
11516	3.0	עבודה ותעסוקה	אינסטלציה פעילויות
11520	2.0	עבודה ותעסוקה	Printing, נייר industry עובד, עמידה
11524	3.8	עבודה ותעסוקה	משטרה Officer, הליכה
11525	2.5	עבודה ותעסוקה	משטרה, ניתוב תנועה, עמידה
11526	2.0	עבודה ותעסוקה	משטרה, נהיגה  קבוצה רכב, ישיבה
11527	1.3	עבודה ותעסוקה	משטרה, נסיעה ב  קבוצה רכב, ישיבה
11528	4.0	עבודה ותעסוקה	משטרה, הכנה  arrest, עמידה
11529	9.0	עבודה ותעסוקה	Counter terrorism maneuvers, פינוי בניין
11530	2.0	עבודה ותעסוקה	Shoe תיקון, כללי
11540	7.3	עבודה ותעסוקה	חפירה במגרפה, חפירה ditches
11550	8.8	עבודה ותעסוקה	חפירה במגרפה, יותר מ 16 ליברות/דקה, deep חפירה, מאמץ נמרץ
11560	5.0	עבודה ותעסוקה	חפירה במגרפה, פחות מ 10 ליברות/דקה, מאמץ בינוני
11570	6.5	עבודה ותעסוקה	חפירה במגרפה, 10 עד 15 ליברות/דקה, מאמץ נמרץ
11580	1.5	עבודה ותעסוקה	ישיבה משימות, מאמץ קל (לדוגמה, משרד עבודה, chemistry lab עבודה, קל assembly תיקון, שעון תיקון, קריאה, שולחן עבודה עבודה)
11582	1.3	עבודה ותעסוקה	ישיבה, מחשב עבודה
11583	1.3	עבודה ותעסוקה	עמידה עמדת עבודה, הקלדה, מחשב עבודה
11585	1.3	עבודה ותעסוקה	ישיבה meetings, מאמץ קל, כללי, ו/או עם שיחה מעורב (לדוגמה, אכילה ב  business פגישה)
11590	2.5	עבודה ותעסוקה	ישיבה משימות, מאמץ בינוני (לדוגמה דחיפה כבד levers, נסיעה מכסחת דשא/forklift, crane operation)
11593	2.8	עבודה ותעסוקה	ישיבה, הוראה מתיחות או יוגה, או מאמץ קל פעילות גופנית שיעורים
11600	1.8	עבודה ותעסוקה	עמידה משימות, מאמץ קל (לדוגמה, bartending, store clerk, הרכבה, תיוק, duplicating, librarian, פאטינג למעלה  Christmas tree, עמידה ו שיחה ב עבודה, החלפה בגדים when הוראה physical education)
11610	3.3	עבודה ותעסוקה	עמידה, קל/מאמץ בינוני (לדוגמה, הרכבה/תיקון כבד חלקים, ריתוך, stocking חלקים, רכב תיקון, אריזה קופסאות, nursing מטופל טיפול, כביסה)
11615	4.5	עבודה ותעסוקה	עמידה, מאמץ בינוני, הרמה פריטים continuously, 10 – 20 ליברות, עם מוגבל הליכה או מנוחה
11620	3.8	עבודה ותעסוקה	עמידה, מאמץ בינוני, intermittent הרמה 50 ליברות, hitch או twisting חבלים
11630	4.5	עבודה ותעסוקה	עמידה, בינוני/כבד משימות (לדוגמה, הרמה יותר מ 50 ליברות, בנייה באבן, צביעה, נייר תלייה)
11650	2.3	עבודה ותעסוקה	מטופל טיפול, healthcare activites
11660	3.5	עבודה ותעסוקה	מטופל טיפול, חדר ניקיון/preperation
11708	5.3	עבודה ותעסוקה	פלדה טחנה, מאמץ בינוני (לדוגמה, fettling, forging, tipping molds)
11710	8.3	עבודה ותעסוקה	פלדה טחנה, מאמץ נמרץ (לדוגמה, יד גלגול, merchant טחנה גלגול, הסרה slag, tending furnace)
11720	2.3	עבודה ותעסוקה	תפירה, חיתוך fabric
11730	2.5	עבודה ותעסוקה	תפירה, כללי
11740	1.8	עבודה ותעסוקה	תפירה, יד תפירה
11750	2.5	עבודה ותעסוקה	תפירה, מכונה תפירה
11760	3.5	עבודה ותעסוקה	תפירה, pressing
11763	2.0	עבודה ותעסוקה	תפירה, אריגה, מאמץ קל (לדוגמה, גימור פעולות, שטיפה, dyeing, inspecting בד, counting יארד, paperwork)
11765	4.0	עבודה ותעסוקה	תפירה, אריגה, מאמץ בינוני (לדוגמה, ספינינג ו אריגה פעולות, delivering קופסאות של yarn עד spinners, טעינה של warp beam, pinwinding, conewinding, warping, בד clutting)
11766	6.5	עבודה ותעסוקה	משאית נהיגה, טעינה ו פריקה משאית, tying למטה משא, עמידה, הליכה ו נשיאה כבד משאות
11767	2.0	עבודה ותעסוקה	משאית נהיגה, משלוח משאית, taxi, shuttlebus, school אוטובוס
11770	1.3	עבודה ותעסוקה	הקלדה, חשמלי, ידני או מחשב
11780	6.3	עבודה ותעסוקה	באמצעות כבד כוח כלים כגון כ pneumatic כלים (לדוגמה, jackhammers, תרגילים, וכדומה)
11790	7.8	עבודה ותעסוקה	באמצעות כבד כלים (לא כוח) כגון כ את חפירה, קטיף, tunnel מוט, spade
11791	2.0	עבודה ותעסוקה	הליכה בעבודה, פחות מ 2.0 מייל לשעה, מאוד מהירות איטית, ב משרד או lab area
11792	3.8	עבודה ותעסוקה	הליכה בעבודה, 2.8 עד 3.4 מייל לשעה, ב משרד, מהירות בינונית, ללא נשיאת משא
11793	4.8	עבודה ותעסוקה	הליכה בעבודה, 3.5 עד 3.9 מייל לשעה, ב משרד, מהירות מהירה וערנית, ללא נשיאת משא
11795	3.5	עבודה ותעסוקה	הליכה בעבודה, 2.5 מייל לשעה, מהירות איטית, נשיאה קל חפצים פחות מ 25 ליברות
11796	3.0	עבודה ותעסוקה	הליכה, איסוף things ב עבודה, מוכן עד עזיבה
11797	3.8	עבודה ותעסוקה	הליכה, 2.5 מייל לשעה, מהירות איטית, נשיאה כבד חפצים יותר מ 25 ליברות
11800	4.5	עבודה ותעסוקה	הליכה, 3.0 מייל לשעה, באופן בינוני ו נשיאה קל חפצים פחות מ 25 ליברות
11805	3.8	עבודה ותעסוקה	הליכה, דחיפה  כיסא גלגלים
11810	4.5	עבודה ותעסוקה	הליכה, 3.5 מייל לשעה, במהירות ו נשיאה חפצים פחות מ 25 ליברות
11820	4.0	עבודה ותעסוקה	הליכה או הליכה במורד מדרגות או עמידה, נשיאה חפצים בערך 25 עד 49 ליברות
11830	5.5	עבודה ותעסוקה	הליכה או הליכה במורד מדרגות או עמידה, נשיאה חפצים בערך 50 עד 74 ליברות
11840	7.0	עבודה ותעסוקה	הליכה או הליכה במורד מדרגות או עמידה, נשיאה חפצים בערך 75 עד 99 ליברות
11850	7.3	עבודה ותעסוקה	הליכה או הליכה במורד מדרגות או עמידה, נשיאה חפצים בערך 100 ליברות ומעלה
11860	2.3	עבודה ותעסוקה	מחסן/משלוחים מרכז, טעינה/פריקה קופסאות
11862	4.3	עבודה ותעסוקה	מחסן/משלוחים מרכז, הזזת קופסאות (~5 ק"ג)
11870	3.0	עבודה ותעסוקה	עבודה ב scene shop, תיאטרון actor, backstage employee
11880	3.5	עבודה ותעסוקה	חיילים, צבאי צעידה, unloaded 1.5-2.5 מייל לשעה
11882	4.0	עבודה ותעסוקה	חיילים, צבאי צעידה, 1.5-2.5 מייל לשעה, 10 עד 30 ק"ג משא
11884	5.0	עבודה ותעסוקה	Airborne Shuffle, 2.5 עד 3.5 מייל לשעה, 20-30 ק"ג משא
11886	6.3	עבודה ותעסוקה	חיילים, צבאי loaded צעידה, varying שטח, 25-40 ק"ג משא
11887	6.0	עבודה ותעסוקה	חיילים, הליכה, 2.8 מייל לשעה, 5% שיפוע, עד 21.5 ק"ג משא
11888	8.5	עבודה ותעסוקה	חיילים, הליכה, 2.8 מייל לשעה, 10% שיפוע, עד 21.5 ק"ג משא
11889	11.0	עבודה ותעסוקה	חיילים, הליכה, 2.8 מייל לשעה, 15% שיפוע, עד 21.5 ק"ג משא
11892	6.0	עבודה ותעסוקה	צבאי פעילויות, arterial שדה הכנה, חפירה defensive positions
12010	6.0	ריצה	Jog/הליכה שילוב (ריצה קלה component של פחות מ 10 דקות) (טיילור קוד 180)
12020	7.5	ריצה	ריצה קלה, כללי, קצב חופשי
12025	4.8	ריצה	ריצה קלה, ב place
12026	3.3	ריצה	ריצה קלה 2.6 עד 3.7 מייל לשעה
12027	4.5	ריצה	ריצה קלה על  mini-tramp
12028	6.5	ריצה	ריצה, 4 עד 4.2 מייל לשעה (13 דק׳/מייל)
12029	7.8	ריצה	ריצה 4.3 עד 4.8 מייל לשעה
12030	8.5	ריצה	ריצה, 5.0 עד 5.2 מייל לשעה (12 דק׳/מייל)
12045	9.0	ריצה	ריצה, 5.5 -5.8 מייל לשעה
12050	9.3	ריצה	ריצה, 6-6.3 מייל לשעה (10 דק׳/מייל)
12060	10.5	ריצה	ריצה, 6.7 מייל לשעה (9 דק׳/מייל)
12070	11.0	ריצה	ריצה, 7 מייל לשעה (8.5 דק׳/מייל)
12080	11.8	ריצה	ריצה, 7.5 מייל לשעה (8 דק׳/מייל)
12090	12.0	ריצה	ריצה, 8 מייל לשעה (7.5 דק׳/מייל)
12100	12.5	ריצה	ריצה, 8.6 מייל לשעה (7 דק׳/מייל)
12110	13.0	ריצה	ריצה, 9 מייל לשעה (6.5 דק׳/מייל)
12115	14.8	ריצה	ריצה, 9.3 עד 9.6 מייל לשעה
12120	14.8	ריצה	ריצה, 10 מייל לשעה (6 דק׳/מייל)
12130	16.8	ריצה	ריצה, 11 מייל לשעה (5.5 דק׳/מייל)
12132	18.5	ריצה	ריצה, 12 מייל לשעה (5.0 דק׳/מייל)
12134	19.8	ריצה	ריצה, 13 מייל לשעה (4.6 דק׳/מייל)
12135	23.0	ריצה	ריצה, 14 מייל לשעה (4.3 דק׳/מייל)
12140	9.3	ריצה	ריצה, שטח פתוח
12145	10.5	ריצה	ריצה, קצב חופשי
12150	8.0	ריצה	ריצה (טיילור קוד 200)
12170	15.0	ריצה	ריצה, מדרגות, למעלה
12180	10.0	ריצה	ריצה, על  מסלול, קבוצה תרגול
12184	18.0	ריצה	ריצה, על מסלול, 500-1500m, תחרותי
12186	19.3	ריצה	ריצה, על מסלול, 2000-3000m, תחרותי
12190	8.0	ריצה	ריצה, אימון, דחיפה  כיסא גלגלים או תינוק נשא
12200	13.3	ריצה	ריצה, marathon
12255	10.3	ריצה	ריצה בעלייה, 4.5mph, 5% שיפוע עלייה
12260	13.3	ריצה	ריצה בעלייה, 6.0 מייל לשעה, 5% שיפוע עלייה
12265	15.5	ריצה	ריצה בעלייה, 7.0 מייל לשעה, 5% שיפוע עלייה
12325	17.5	ריצה	ריצה בעלייה, 5.0 עד 5.9 מייל לשעה, 15% שיפוע עלייה
12335	8.8	ריצה	ריצה בעלייה, 0.6 עד 0.79 מייל לשעה, 30% שיפוע עלייה
12337	10.3	ריצה	ריצה בעלייה, 0.8 עד 0.99 מייל לשעה, 30% שיפוע עלייה
12339	11.8	ריצה	ריצה בעלייה, 1.0 עד 1.19 מייל לשעה, 30% שיפוע עלייה
12341	13.5	ריצה	ריצה בעלייה, 1.2 עד 1.39 מייל לשעה, 30-40% שיפוע עלייה
12343	14.8	ריצה	ריצה בעלייה, 1.4 עד 1.59 מייל לשעה, 30% שיפוע עלייה
12345	16.3	ריצה	ריצה בעלייה, >1.6mph, 10-30% שיפוע עלייה
12350	16.0	ריצה	ריצה, hilly שטח, ±100m החלפה ב elevation
12352	5.8	ריצה	ריצה בירידה, 5.0 עד 5.9 מייל לשעה, -10% עד -15%
12353	7.5	ריצה	ריצה בירידה, 6.0 עד 6.9 מייל לשעה, -10% עד -15%
12355	9.0	ריצה	ריצה בירידה, 7.0 עד 8.9 מייל לשעה, -10% עד -15%
12358	9.3	ריצה	ריצה בירידה, 6.0 עד 7.9 מייל לשעה, -3% עד -9%
12361	13.8	ריצה	ריצה בירידה, 8.0 עד 10.5 מייל לשעה, -3% עד -9%
12405	5.3	ריצה	ריצה/ריצה קלה, מעוגל הליכון, 3.0 עד 3.9 מייל לשעה
12408	6.5	ריצה	ריצה/ריצה קלה, מעוגל הליכון, 4.0 עד 4.9 מייל לשעה
12410	11.0	ריצה	ריצה מעוגל הליכון, 5.0 עד 5.9 מייל לשעה
12412	12.0	ריצה	ריצה מעוגל הליכון, 7.0 עד 7.9 מייל לשעה
12414	14.0	ריצה	ריצה מעוגל הליכון, 8.0 עד 8.9 מייל לשעה
12416	16.8	ריצה	ריצה מעוגל הליכון, 9.0 עד 9.9 מייל לשעה
12508	8.5	ריצה	ריצה, 5.0 - 5.9 מייל לשעה, 1.0 עד 3.0 ק"ג תרמיל גב
12510	9.5	ריצה	ריצה, 6.0 - 6.9 מייל לשעה, 1.0 עד 3.0 ק"ג תרמיל גב
12512	9.8	ריצה	ריצה, 7.0 - 7.9 מייל לשעה, 1.0 עד 3.0 ק"ג תרמיל גב
12514	12.0	ריצה	ריצה, 8.0 - 8.9 מייל לשעה, 1.0 עד 3.0 ק"ג תרמיל גב
12555	7.8	ריצה	ריצה, יחף, 3.5-5.9 מייל לשעה
12560	12.0	ריצה	ריצה, יחף, 6.0-7.9 מייל לשעה
12565	13.5	ריצה	ריצה, יחף, 8.0-8.9 מייל לשעה
12585	8.0	ריצה	ריצה, עגלת ריצה, בפנים, 5 מייל לשעה
12588	9.0	ריצה	ריצה, עגלת ריצה, בפנים, 6 מייל לשעה
12593	10.0	ריצה	ריצה, עגלת ריצה, בחוץ, 5 מייל לשעה
12595	11.5	ריצה	ריצה, עגלת ריצה, בחוץ, 6 מייל לשעה
12600	11.5	ריצה	דילוג, 5.5-6.0 מייל לשעה
12620	13.0	ריצה	Triathlon, ריצה
13000	2.3	טיפוח וטיפול עצמי	Getting מוכן עבור מיטה, כללי, עמידה
13009	2.3	טיפוח וטיפול עצמי	ישיבה על שירותים, eliminating while עמידה או squatting
13010	1.5	טיפוח וטיפול עצמי	רחצה, ישיבה
13020	2.8	טיפוח וטיפול עצמי	התלבשות, undressing, עמידה או ישיבה
13030	1.5	טיפוח וטיפול עצמי	אכילה, ישיבה
13035	2.0	טיפוח וטיפול עצמי	שיחה ו אכילה או אכילה בלבד, עמידה
13036	1.5	טיפוח וטיפול עצמי	נטילה medication, ישיבה או עמידה
13040	2.0	טיפוח וטיפול עצמי	טיפוח, שטיפה ידיים, shaving, צחצוח teeth, פאטינג על make-למעלה, ישיבה או עמידה
13045	2.5	טיפוח וטיפול עצמי	Hairstyling, עמידה
13046	1.3	טיפוח וטיפול עצמי	Having שיער או ציפורניים done על ידי someone else, ישיבה
13050	2.0	טיפוח וטיפול עצמי	Showering, toweling כבוי, עמידה
14010	5.8	Sexual Activity	Active, vigorous effort
14020	3.0	Sexual Activity	General, moderate effort
14030	1.8	Sexual Activity	Passive, light effort, kissing, hugging
15000	5.5	ספורט	Alaska מקומי משחקים, Eskimo Olympics, כללי
15010	4.3	ספורט	Archery (לאציד)
15020	7.0	ספורט	בדמינטון, תחרותי (טיילור קוד 450)
15025	9.0	ספורט	בדמינטון, תחרותי, משחק משחק
15030	5.5	ספורט	בדמינטון, חברתי יחידים ו זוגות, כללי
15040	8.0	ספורט	כדורסל, משחק (טיילור קוד 490)
15050	6.0	ספורט	כדורסל, לאמשחק, כללי (טיילור קוד 480)
15055	7.5	ספורט	כדורסל, כללי
15060	7.0	ספורט	כדורסל, שיפוט (טיילור קוד 500)
15062	5.8	ספורט	כדורסל, שיפוט
15070	5.0	ספורט	כדורסל, ירי baskets
15072	9.3	ספורט	כדורסל, תרגילים, תרגול
15080	2.5	ספורט	Billiards
15090	3.0	ספורט	באולינג (טיילור קוד 390)
15092	3.8	ספורט	באולינג, בפנים, באולינג alley
15100	12.3	ספורט	אגרוף, ב ring, כללי
15110	5.8	ספורט	אגרוף, שק אגרוף
15113	7.0	ספורט	אגרוף, שק אגרוף, 60 b/דק׳
15115	8.5	ספורט	אגרוף, שק אגרוף, 120 b/דק׳
15118	10.8	ספורט	אגרוף, שק אגרוף, 180 b/דק׳
15120	7.8	ספורט	אגרוף, sparring
15125	9.3	ספורט	אגרוף, מדומה אגרוף round, פעילות גופנית
15130	7.0	ספורט	Broomball ילדים’s משחקים, מבוגרים נגינה (לדוגמה, קלאס, 4-מרובע, דודג'בול כדור, מגרש משחקים מתקן, t-כדור, כדור עמוד, גולות,
15135	5.8	ספורט	ילדים’s משחקים, מבוגרים נגינה (לדוגמה, קלאס, 4-מרובע, דודג'בול כדור, מגרש משחקים מתקן, t-כדור, כדור עמוד, גולות, ג'קס, arcade משחקים), מאמץ בינוני
15138	6.0	ספורט	Cheerleading, gymnastic moves, תחרותי
15140	4.0	ספורט	אימון, פוטבול אמריקאי, כדורגל, כדורסל, בייסבול, שחייה, וכדומה
15142	8.0	ספורט	אימון, actively נגינה sport עם players
15150	4.8	ספורט	קריקט, batting, באולינג, fielding
15160	3.3	ספורט	Croquet
15170	4.0	ספורט	Curling
15180	2.5	ספורט	Darts, wall או דשא
15190	6.0	ספורט	Drag מרוץ, דחיפה או נהיגה  רכב
15192	8.5	ספורט	רכב מרוץ, פתוח גלגל
15195	7.8	ספורט	Futsal
15200	6.0	ספורט	סיוף, כללי
15203	9.8	ספורט	סיוף, epee, תחרותי
15205	10.5	ספורט	Floorball
15210	8.0	ספורט	פוטבול אמריקאי, תחרותי
15230	8.0	ספורט	פוטבול אמריקאי, מגע, דגל, כללי (טיילור קוד 510)
15232	4.0	ספורט	פוטבול אמריקאי, מגע, דגל, מאמץ קל
15235	2.5	ספורט	פוטבול אמריקאי או בייסבול, נגינה catch
15240	3.0	ספורט	פריזבי נגינה, כללי
15250	8.0	ספורט	פריזבי, ultimate
15252	3.8	ספורט	פריזבי גולף
15255	4.5	ספורט	גולף, כללי
15265	4.3	ספורט	גולף, הליכה, נשיאה מועדונים
15270	3.5	ספורט	גולף, miniature, נהיגה range
15285	4.5	ספורט	גולף, הליכה, משיכה מועדונים
15290	3.5	ספורט	גולף, באמצעות כוח עגלה (טיילור קוד 070)
15300	3.8	ספורט	התעמלות אמנותית, כללי
15310	4.0	ספורט	Hacky sack
15320	12.0	ספורט	כדוריד, כללי (טיילור קוד 520)
15330	8.0	ספורט	כדוריד, קבוצה
15335	4.0	ספורט	גבוה חבלים מסלול, מרובה elements
15340	3.5	ספורט	תלייה gliding
15350	7.8	ספורט	הוקי, שדה
15360	8.0	ספורט	הוקי, קרח, כללי
15362	10.0	ספורט	הוקי, קרח, תחרותי
15370	5.5	ספורט	רכיבה על סוסים, כללי
15380	4.5	ספורט	סוס טיפוח, תחזוקה, saddling משימות
15390	5.8	ספורט	רכיבה על סוסים, דהירה קלה
15395	7.3	ספורט	רכיבה על סוסים, canter או gallop
15400	3.8	ספורט	רכיבה על סוסים, הליכה
15402	9.0	ספורט	רכיבה על סוסים, קפיצה
15403	6.0	ספורט	רכיבה על סוסים, reining
15406	2.1	ספורט	רכיבה על סוסים, simulator
15408	1.8	ספורט	סוס עגלה, נהיגה, עמידה או ישיבה
15410	3.0	ספורט	Horseshoe הטלה, quoits
15420	12.0	ספורט	Jai alai
15425	5.3	ספורט	אומנויות לחימה, שונה סוגים, slower קצב, novice performers, תרגול
15430	10.3	ספורט	אומנויות לחימה, שונה סוגים, קצב בינוני (לדוגמה, ג'ודו, jujitsu, karate, kick אגרוף, tae kwon do, tai-bo, Muay Thai אגרוף)
15432	14.3	ספורט	Taekwondo, combat simulation
15433	11.3	ספורט	ג'ודו
15440	4.0	ספורט	Juggling
15444	6.5	ספורט	קנדו, kihon-keiko סגנון, בינוני עצימות
15445	9.6	ספורט	קנדו, kirikaeshi סגנון, עצימות גבוהה
15446	11.3	ספורט	קנדו, kakari keiko סגנון, מאוד עצימות גבוהה
15450	7.0	ספורט	Kickball
15455	5.5	ספורט	Kung Fu התעמלות אמנותית
15457	7.3	ספורט	Kickboxing
15460	8.0	ספורט	Lacrosse
15465	3.3	ספורט	דשא באולינג, bocce כדור, בחוץ
15470	4.0	ספורט	Motocross, כבוי-כביש מנוע ספורט, all-שטח רכב, כללי
15475	5.3	ספורט	אופנוע מרוץ, Supormoto מרוץ
15477	7.0	ספורט	Netball
15480	9.0	ספורט	Orienteering
15490	10.0	ספורט	פדלבול, תחרותי
15500	6.0	ספורט	פדלבול, יומיומי, כללי (טיילור קוד 460)
15503	1.8	ספורט	Paragliding, בינוני altitude
15506	6.5	ספורט	Prusik טיפוס
15510	8.0	ספורט	פולו, על רכיבה על סוסים
15520	10.0	ספורט	רקטבול, תחרותי
15525	10.3	ספורט	הליכה ספורטיבית, 3.1 m/s (6.9 מייל לשעה)
15527	13.8	ספורט	הליכה ספורטיבית, 3.7 m/s (8.3 מייל לשעה)
15528	15.5	ספורט	הליכה ספורטיבית, מרוץ מהירות, 4.0 m/s (8.95 מייל לשעה)
15530	7.0	ספורט	רקטבול, כללי (טיילור קוד 470)
15533	8.0	ספורט	סלע או הרים טיפוס (טיילור קוד 060), (לשעבר קוד 17120)
15534	8.8	ספורט	טיפוס סלעים, חופשי boulder
15535	7.3	ספורט	טיפוס סלעים, עלייה סלע, גבוה קושי
15536	10.5	ספורט	טיפוס סלעים, מהירות טיפוס, מאוד difficult
15537	5.8	ספורט	טיפוס סלעים, עלייה או traversing סלע, נמוך-עדבינוני קושי
15538	10.5	ספורט	טיפוס סלעים, קיר טיפוס נע, 4-6 m/דק׳
15539	10.5	ספורט	טיפוס סלעים, קיר טיפוס נע, 7-10 m/דק׳
15540	5.0	ספורט	טיפוס סלעים, rappelling,
15542	4.0	ספורט	ספורט רודיאו, כללי, מאמץ קל
15544	5.5	ספורט	ספורט רודיאו, כללי, מאמץ בינוני
15546	7.0	ספורט	ספורט רודיאו, כללי, מאמץ נמרץ
15550	12.3	ספורט	קפיצה בחבל, קצב מהיר, 120-160 דילוגים/דק׳
15551	11.8	ספורט	קפיצה בחבל, קצב בינוני, כללי, 100 עד 120 דילוגים/דק׳, 2 רגל דילוג, plain קפיצה
15552	8.3	ספורט	קפיצה בחבל, קצב איטי, < 100 דילוגים/דק׳, 2 רגל דילוג, rhythm קפיצה
15554	10.0	ספורט	קפיצה בחבל, כפול under ומעלה
15560	8.3	ספורט	רוגבי, union, קבוצה, תחרותי
15562	6.3	ספורט	רוגבי, מגע, לאתחרותי
15570	3.0	ספורט	Shuffleboard
15580	5.0	ספורט	סקייטבורד, כללי, מאמץ בינוני
15582	6.0	ספורט	סקייטבורד, תחרותי, מאמץ נמרץ
15590	7.0	ספורט	החלקה, גלגלית (טיילור קוד 360)
15591	7.5	ספורט	סקייטינג בגלגיליות, סקייטינג בגלגיליות, 14.4 קמ"ש (9.0 מייל לשעה), לשם הנאה קצב
15592	9.8	ספורט	סקייטינג בגלגיליות, סקייטינג בגלגיליות, 17.7 קמ"ש (11.0 מייל לשעה), קצב בינוני, פעילות גופנית אימון
15593	12.3	ספורט	סקייטינג בגלגיליות, סקייטינג בגלגיליות, 21.0 עד 21.7 קמ"ש (13.0 עד 13.6 מייל לשעה), קצב מהיר, פעילות גופנית אימון
15594	15.5	ספורט	Rollerblading, סקייטינג בגלגיליות, 24.0 קמ"ש (15.0 מייל לשעה), maximal מאמץ
15595	6.8	ספורט	סקייטבורד, לונגבורד, 13.3 קמ"ש, מהירות איטית
15596	8.3	ספורט	סקייטבורד, לונגבורד, 16.2 קמ"ש, typical מהירות
15597	10.5	ספורט	סקייטבורד, לונגבורד, 18.4 קמ"ש, מהיר מהירות
15600	3.5	ספורט	Skydiving, base-קפיצה, bungee קפיצה
15605	9.5	ספורט	כדורגל, תחרותי
15610	7.0	ספורט	כדורגל, יומיומי, כללי (טיילור קוד 540)
15615	3.5	ספורט	הליכה פוטבול אמריקאי/כדורגל
15620	5.0	ספורט	סופטבול או בייסבול, מהיר או איטי pitch, כללי, מאמץ בינוני (טיילור קוד 440)
15625	4.0	ספורט	סופטבול, תרגול
15630	4.0	ספורט	סופטבול, שיפוט
15640	6.0	ספורט	סופטבול, הטלה
15645	3.3	ספורט	ספורט צופה, מאוד excited, emotional, physically הזזה
15650	12.0	ספורט	סקווש (טיילור קוד 530)
15652	7.3	ספורט	סקווש, כללי
15660	4.0	ספורט	טניס שולחן, ping pong (טיילור קוד 410)
15670	3.3	ספורט	טאי צ׳י, צ׳י גונג, כללי
15672	1.5	ספורט	טאי צ׳י, צ׳י גונג, ישיבה, מאמץ קל
15674	6.0	ספורט	טאי צ׳י chuan, Yang סגנון
15675	6.8	ספורט	טניס, כללי, מאמץ בינוני
15676	8.0	ספורט	טניס, כללי, תחרותי
15680	6.0	ספורט	טניס, זוגות (טיילור קוד 430)
15685	4.5	ספורט	טניס, זוגות
15690	8.0	ספורט	טניס, יחידים (טיילור קוד 420)
15695	5.0	ספורט	טניס, hitting balls, לאמשחק משחק, מאמץ בינוני
15700	6.3	ספורט	טרמפולינה, לשם הנאה
15702	10.3	ספורט	טרמפולינה, תחרותי
15710	4.0	ספורט	כדורעף (טיילור קוד 400)
15711	6.0	ספורט	כדורעף, תחרותי, ב gymnasium
15720	3.0	ספורט	כדורעף, לאתחרותי, 6 - 9 member קבוצה, כללי
15725	8.0	ספורט	כדורעף, beach, ב חול
15730	6.0	ספורט	היאבקות, תחרותי (אחד משחק = 5 דקות)
15731	7.0	ספורט	Wallyball, כללי
15732	4.0	ספורט	אתלטיקה (לדוגמה, shot, discus, hammer throw)
15733	6.0	ספורט	אתלטיקה (לדוגמה, גבוה קפיצה, long קפיצה, triple קפיצה, javelin, מוט vault)
15734	10.0	ספורט	אתלטיקה (לדוגמה, steeplechase, hurdles)
16002	6.8	תחבורה	רכיבה על אופניים עבור תחבורה, מאמץ בינוני
16004	9.3	תחבורה	רכיבה על אופניים עבור תחבורה, גבוה מאמץ
16005	6.8	תחבורה	אופניים חשמליים (חשמלית בסיוע) עבור תחבורה
16010	2.0	תחבורה	רכב או קל משאית (לא  למחצה) נהיגה
16015	1.3	תחבורה	נסיעה ב  רכב או משאית
16016	1.3	תחבורה	נסיעה ב  אוטובוס או train
16020	1.8	תחבורה	מעופף מטוס או helicoptor
16030	2.8	תחבורה	מנוע קורקינט, אופנוע
16035	6.3	תחבורה	משיכה rickshaw
16040	6.0	תחבורה	דחיפה מקצוע נגרות ב ו החוצה של hangar
16050	2.5	תחבורה	משאית, למחצה, טרקטור, ≥1 ton, או אוטובוס, נהיגה
16060	3.5	תחבורה	הליכה עבור תחבורה, 2.8-3.2 מייל לשעה, רמה, קצב בינוני, משטח יציב
17010	7.0	הליכה	טיולי תרמיל (טיילור קוד 050)
17011	3.5	הליכה	הליכה עם  day תרמיל, קרקע ישרה, assumed ב  city
17012	7.8	הליכה	טיולי תרמיל, טיולי הליכה עם  תיק יום, organized הליכה עם תיק יום
17016	4.0	הליכה	נשיאה 5 עד 14 ליברות (2.3 עד 6.4 ק"ג) משא (לדוגמה מזוודה, קופסאות, קניות מזון), קרקע ישרה, קצב בינוני
17018	4.5	הליכה	נשיאה 15 - 155 ליברות (6.8 - 70.4 ק"ג) משא (לדוגמה מזוודה, קופסאות, רהיטים), קרקע ישרה או במורד מדרגות, קצב איטי
17019	6.5	הליכה	נשיאה 50 עד 150 ליברה משא (לדוגמה, equine או bovine האכלה, גדר pipes, רהיטים), קרקע ישרה, קצב בינוני
17021	2.3	הליכה	נשיאה ~10 ליברות ילד, איטי הליכה
17025	8.3	הליכה	נשיאת משא במעלה מדרגות, כללי
17026	5.5	הליכה	נשיאת משא, 1 עד 15 ליברות משא, במעלה מדרגות
17027	6.0	הליכה	נשיאת משא, 16 עד 24 ליברות משא, במעלה מדרגות
17028	8.0	הליכה	נשיאת משא, 25 עד 49 ליברות משא, במעלה מדרגות
17029	10.0	הליכה	נשיאת משא, 50 עד 74 ליברות משא, במעלה מדרגות
17030	12.0	הליכה	נשיאת משא, >74 ליברות משא, במעלה מדרגות
17031	3.8	הליכה	טעינה ו/או פריקה  רכב, בהנחת הליכה
17032	5.0	הליכה	טיפוס גבעות, ללא משא, 5 עד 20% שיפוע, מאוד קצב איטי
17033	3.8	הליכה	טיפוס גבעות, 15-50 ליברות משא, 1 עד 2% שיפוע, קצב איטי
17034	5.3	הליכה	טיפוס גבעות, ללא משא, 1 עד 5% שיפוע, קצב בינוני עד מהיר
17035	7.0	הליכה	טיפוס גבעות, ללא משא, 6 עד 10% שיפוע, קצב בינוני עד מהיר
17036	8.8	הליכה	טיפוס גבעות, ללא משא, 11 עד 20% שיפוע, איטי-עדקצב בינוני
17037	10.0	הליכה	טיפוס גבעות, ללא משא, 4.0 עד 5.0 מייל לשעה, 3 עד 5% שיפוע, מאוד קצב מהיר
17038	8.5	הליכה	טיפוס גבעות, ללא משא, תלול שיפוע (30%), קצב איטי (פחות מ 1.2 מייל לשעה)
17039	15.5	הליכה	טיפוס גבעות, ללא משא, מאוד תלול שיפוע (30-40%), 1.2 עד 1.8 מייל לשעה
17040	16.3	הליכה	טיפוס גבעות, ללא משא, תלול שיפוע (10-40%), 1.8 עד 5.0 מייל לשעה
17045	6.5	הליכה	טיפוס גבעות, 10 עד 20 ליברות משא, 5 עד 10% שיפוע, בינוני
17050	7.5	הליכה	טיפוס גבעות, 21 עד 40 ליברות משא, 3 עד 10% שיפוע, קצב בינוני עד מהיר
17060	10.0	הליכה	טיפוס גבעות, 20+ ליברה משא, 5 עד 20% שיפוע, בינוני עד קצב מהיר וערני
17070	3.5	הליכה	ירידה מדרגות
17076	4.5	הליכה	גרירה מים, ראש גרירה, הליכה על שטוח משטח
17080	6.0	הליכה	טיולי הליכה, שטח פתוח (טיילור קוד 040)
17081	3.8	הליכה	טיולי הליכה באיטיות או ambling דרך שדות ו מדרונות, ללא משא
17082	5.3	הליכה	טיולי הליכה או הליכה ב  רגיל קצב דרך שדות ו מדרונות, ללא משא
17085	2.5	הליכה	Bird צפייה, הליכה ו stopping
17088	4.5	הליכה	צעידה, מהירות בינונית, צבאי, ללא תרמיל
17090	8.0	הליכה	צעידה במהירות, צבאי, ללא תרמיל
17100	3.8	הליכה	דחיפה או משיכה stroller עם ילד או הליכה עם ילדים, 2.5 עד 3.1 מייל לשעה
17105	3.8	הליכה	דחיפה  כיסא גלגלים, non-occupational
17110	6.5	הליכה	הליכה ספורטיבית
17130	8.0	הליכה	עליית מדרגות, באמצעות או טיפוס למעלה סולם (טיילור קוד 030)
17131	6.8	הליכה	עליית מדרגות, כללי
17133	4.5	הליכה	עליית מדרגות, קצב איטי
17134	9.3	הליכה	עליית מדרגות, קצב מהיר, אחד מדרגה ב  זמן
17136	7.5	הליכה	עליית מדרגות, two צעדים ב  זמן
17138	7.5	הליכה	עליית מדרגות, עלייה ו ירידה מדרגות
17140	4.5	הליכה	באמצעות קביים, קרקע ישרה, כללי
17142	7.0	הליכה	באמצעות קביים, קצב מהיר
17145	4.3	הליכה	באמצעות רפואי knee קורקינט
17150	2.3	הליכה	הליכה, משק בית
17151	2.3	הליכה	הליכה, פחות מ 2.0 מייל לשעה, רמה, strolling, איטי מאוד
17152	2.8	הליכה	הליכה, 2.0 עד 2.4 מייל לשעה, רמה, קצב איטי, משטח יציב
17160	3.5	הליכה	הליכה להנאה (טיילור קוד 010)
17161	2.5	הליכה	הליכה מ בית עד רכב או אוטובוס, מ רכב או אוטובוס עד go places, מ רכב או אוטובוס עד ו מ  worksite
17162	2.5	הליכה	הליכה עד neighbor’s בית או משפחה’s בית עבור חברתי reasons
17165	3.0	הליכה	הליכה עם הכלב
17170	3.0	הליכה	הליכה, 2.5 מייל לשעה, firm, רמה משטח
17180	3.3	הליכה	הליכה, 2.5 מייל לשעה, בירידה
17190	3.8	הליכה	הליכה, 2.8 עד 3.4 מייל לשעה, רמה, קצב בינוני, משטח יציב
17200	4.8	הליכה	הליכה, 3.5 עד 3.9 מייל לשעה, רמה, brisk, משטח יציב, הליכה כאימון
17220	5.5	הליכה	הליכה, 4.0 עד 4.4 מייל לשעה (6.4 עד 7.0 קמ"ש), רמה, משטח יציב, מאוד קצב מהיר וערני
17230	7.0	הליכה	הליכה, 4.5 עד 4.9 מייל לשעה, רמה, משטח יציב, מאוד, מאוד brisk
17231	8.5	הליכה	הליכה, 5.0 עד 5.5 מייל לשעה (8.8 עד 8.9 קמ"ש), רמה, משטח יציב
17250	3.5	הליכה	הליכה, להנאה, עבודה break (טיילור קוד xxx)
17255	4.0	הליכה	הליכה, self-selected מהירות, בפנים מסלול או בחוץ, משטח יציב
17260	4.8	הליכה	הליכה, דשא מסלול
17262	4.5	הליכה	הליכה, רגיל קצב, plowed שדה או חול
17270	4.0	הליכה	הליכה, לעבודה או שיעור (טיילור קוד 015)
17280	2.5	הליכה	הליכה, עד ו מ  outhouse
17302	4.3	הליכה	הליכה, כאימון, 2.5 עד 3.5 מייל לשעה (4.0 עד 5.6 קמ"ש), עם מקלות סקי, נורדי הליכה, רמה, קצב בינוני
17304	5.3	הליכה	הליכה, כאימון, 3.6 עד 4.4 מייל לשעה (5.8 עד 7.1 קמ"ש), עם מקלות סקי, נורדי הליכה, רמה, קצב בינוני
17305	8.5	הליכה	הליכה, כאימון, 4.5 עד 5.0 מייל לשעה, עם מקלות סקי, נורדי הליכה, רמה, קצב מהיר
17310	8.8	הליכה	הליכה, כאימון, עם מקלות סקי, נורדי הליכה, בעלייה, קצב בינוני
17313	10.8	הליכה	הליכה, כאימון, עם מקלות סקי, נורדי הליכה, קרקע ישרה, נשיאה 20 עד 30 ליברות משא (9.0 עד 15.0 ק"ג)
17315	12.3	הליכה	הליכה, כאימון, עם מקלות סקי, נורדי הליכה, בעלייה, נשיאה 20 עד 30 ליברות משא (9.0 עד 15.0 ק"ג)
17320	6.0	הליכה	הליכה, אחורה, 3.5 מייל לשעה, רמה
17325	7.8	הליכה	הליכה, אחורה, 3.5 מייל לשעה, בעלייה, 5% שיפוע
17330	8.0	הליכה	הליכה, Teabag הליכה, Monty Python Ministry של משעשע הליכות
17332	3.5	הליכה	הליכה, Putey הליכה, Monty Python Ministry של משעשע הליכות
17340	2.1	הליכה	הליכה, הליכון, פחות מ 1.0 מייל לשעה, 0% שיפוע
17343	2.3	הליכה	הליכה, הליכון, 1.0 מייל לשעה, 0% שיפוע
17346	2.8	הליכה	הליכה, הליכון, 1.2 עד 1.9 מייל לשעה, 0% שיפוע (1.9 עד 3.0 קמ"ש)
17349	3.0	הליכה	הליכה, הליכון, 2.0 עד 2.4 מייל לשעה (3.2 עד 3.9 קמ"ש), 0% שיפוע
17352	3.5	הליכה	הליכה, הליכון, 2.5 עד 2.9 מייל לשעה (4.0 עד 4.7 קמ"ש), 0% שיפוע
17355	3.8	הליכה	הליכה, הליכון, 3.0 עד 3.4 מייל לשעה (4.8 עד 5.5 קמ"ש), 0% שיפוע
17358	4.8	הליכה	הליכה, הליכון, 3.5 עד 3.9 מייל לשעה (5.6 עד 6.3 קמ"ש), 0% שיפוע
17361	5.8	הליכה	הליכה, הליכון, 4.0 עד 4.4 מייל לשעה (6.4 עד 7.1 קמ"ש), 0% שיפוע
17364	6.8	הליכה	הליכה, הליכון, 4.5 עד 4.9 מייל לשעה (7.2 עד 7.9 קמ"ש), 0% שיפוע
17367	8.3	הליכה	הליכה, הליכון, 5.0 עד 5.5 מייל לשעה (8.0 עד 8.9 קמ"ש), 0% שיפוע
17382	3.3	הליכה	הליכה, הליכון, בירידה (-3% עד -12% שיפוע), 2.8 עד 3.1 מייל לשעה
17412	3.3	הליכה	הליכה, הליכון, בירידה (-5% עד -25% שיפוע), 2.8 מייל לשעה, עם נורדי מקלות
17434	4.8	הליכה	הליכה, הליכון, 2.5 מייל לשעה, 0% שיפוע, 5 עד 20 מעלות C, 40 ליברות (18.2 ק"ג) משא
17438	5.8	הליכה	הליכה, הליכון, 2.5 מייל לשעה, 0% שיפוע, -10 עד 0 מעלות C, 40 ליברות (18.2 ק"ג) משא
17455	8.3	הליכה	הליכה, מעוגל הליכון, 3.0 עד 5.0 מייל לשעה, קצב מהיר וערני
17475	7.8	הליכה	הליכה הליכון, backwards, 2.5 מייל לשעה, +10% שיפוע
17492	1.5	הליכה	הליכה, עם  walker או מדרגה-עד gait על הליכון, 0.7 מייל לשעה (1.1 קמ"ש), 0% שיפוע
18010	2.5	פעילויות מים	שיט, כוח, נהיגה
18012	1.3	פעילויות מים	שיט, כוח, נוסע, קל
18020	4.0	פעילויות מים	קאנו, על קמפינג trip (טיילור קוד 270)
18025	3.3	פעילויות מים	קאנו, אסיף בר אורז, knocking אורז כבוי  stalks
18030	7.0	פעילויות מים	קאנו, portaging
18040	2.8	פעילויות מים	קאנו, חתירה, 2.0-3.9 מייל לשעה, מאמץ קל
18050	5.8	פעילויות מים	קאנו, חתירה, 4.0-5.9 מייל לשעה, מאמץ בינוני
18060	12.5	פעילויות מים	קאנו, חתירה, קיאקים, תחרות, > 6 מייל לשעה, מאמץ נמרץ
18070	3.5	פעילויות מים	קאנו, חתירה, להנאה, כללי (טיילור קוד 250)
18080	12.0	פעילויות מים	קאנו או חתירה, בתחרות, צוות או sculling (טיילור קוד 260)
18090	3.0	פעילויות מים	צלילה, springboard או platform
18100	5.0	פעילויות מים	קיאקים, מאמץ בינוני
18104	13.5	פעילויות מים	קיאקים, תחרות
18106	9.0	פעילויות מים	קיאקים, סלאלום, שטוח מים
18110	4.0	פעילויות מים	משוט סירה
18112	15.5	פעילויות מים	חתירה, מדומה צוות ב  מים tank, בודד oar, 33 משיכות שחייה/דק׳,
18114	15.5	פעילויות מים	חתירה, בודד scull, ארגומטר, ארגומטר על slides, מרוץ מהירות (32+ משיכות שחייה/דק׳, >10 מייל לשעה)
18120	3.0	פעילויות מים	שיט מפרשית, סירה ו לוח שיט מפרשית, גלישת רוח, קרח שיט מפרשית, כללי (טיילור קוד 235)
18130	4.5	פעילויות מים	שיט מפרשית, בתחרות, כללי
18132	9.3	פעילויות מים	שיט מפרשית, בתחרות, גבוה מאמץ
18140	3.3	פעילויות מים	שיט מפרשית, Sunfish/Laser/Hobby Cat, Keel boats, אוקיינוס שיט מפרשית, yachting, פנאי
18142	2.0	פעילויות מים	שיט מפרשית, dingy
18150	6.0	פעילויות מים	סקי, מים או wake עלייה על סירה (טיילור קוד 220)
18160	7.0	פעילויות מים	Jet סקי, נהיגה, ב מים
18180	15.8	פעילויות מים	צלילה חופשית, מהיר
18190	11.8	פעילויות מים	צלילה חופשית, בינוני
18200	7.0	פעילויות מים	צלילה חופשית, צלילה בציוד, כללי (טיילור קוד 310)
18202	5.3	פעילויות מים	צלילה בציוד, כללי, מאמץ קל
18204	5.8	פעילויות מים	צלילה בציוד, כללי, מאמץ בינוני
18206	5.5	פעילויות מים	צלילה בציוד, professional צוללן
18208	6.8	פעילויות מים	צלילה בציוד, לשם הנאה צוללן
18210	5.0	פעילויות מים	Snorkeling (טיילור קוד 320)
18220	3.0	פעילויות מים	גלישת גלים, גוף או לוח, כללי
18221	6.8	פעילויות מים	Surfboard, paddling
18222	5.0	פעילויות מים	גלישת גלים, גוף או לוח, תחרותי
18224	6.5	פעילויות מים	עמידה למעלה משוט עלייה על סירה, כללי
18225	2.8	פעילויות מים	סאפ, עמידה, 10-19 משיכות שחייה/דק׳
18226	3.8	פעילויות מים	סאפ, עמידה, 20-29 משיכות שחייה/דק׳
18227	5.0	פעילויות מים	סאפ, עמידה, 30-39 משיכות שחייה/דק׳
18228	9.8	פעילויות מים	סאפ, עמידה, 40-49 משיכות שחייה/דק׳
18229	11.0	פעילויות מים	סאפ, עמידה, 50-69 משיכות שחייה/דק׳
18230	9.8	פעילויות מים	שחייה הקפות, חופשי, מהיר, מאמץ נמרץ
18240	5.8	פעילויות מים	שחייה הקפות, חופשי, איטי, לשם הנאה
18250	9.5	פעילויות מים	שחייה, שחיית גב, אימון או תחרות
18255	4.8	פעילויות מים	שחייה, שחיית גב, לשם הנאה
18260	10.3	פעילויות מים	שחייה, חתירה חזה, כללי, אימון או תחרות
18265	5.3	פעילויות מים	שחייה חתירה חזה, לשם הנאה
18270	13.8	פעילויות מים	שחייה, butterfly, כללי
18280	10.5	פעילויות מים	שחייה, חתירה חופשית, מהיר מהירות, ~75 יארד/דקה, מאמץ נמרץ
18285	10.5	פעילויות מים	שחייה, פתוח מים, 5k
18290	8.00	פעילויות מים	שחייה, חתירה חופשית, בינוני מהירות, ~50 יארד/דקה, מאמץ נמרץ
18292	5.8	פעילויות מים	שחייה, חתירה חופשית, מהירות איטית, 30-45 יארד/דקה, מאמץ בינוני
18294	14.5	פעילויות מים	שחייה, חתירה חופשית, עלית swimmers, תחרות, >90 יארד/דקה
18300	6.0	פעילויות מים	שחייה, lake, אוקיינוס, נהר (טיילור Codes 280, 295)
18310	6.0	פעילויות מים	שחייה, leisurely, לא lap שחייה, כללי
18320	7.0	פעילויות מים	שחייה, sidestroke, כללי
18330	8.0	פעילויות מים	שחייה, synchronized
18340	9.8	פעילויות מים	שחייה, דריכה מים, מהיר, מאמץ נמרץ
18350	3.5	פעילויות מים	שחייה, דריכה מים, מאמץ בינוני, כללי
18352	2.3	פעילויות מים	Tubing, floating על  נהר, כללי
18355	5.5	פעילויות מים	אירובי מים, מים התעמלות חופשית, כללי
18356	3.8	פעילויות מים	אירובי מים, התנגדות תרגילים
18358	7.5	פעילויות מים	אירובי מים, עצימות גבוהה
18360	10.0	פעילויות מים	מים פולו
18365	3.0	פעילויות מים	מים כדורעף
18366	9.8	פעילויות מים	מים ריצה קלה, מאמץ נמרץ
18367	2.5	פעילויות מים	הליכה במים, מאמץ קל, קצב איטי
18368	4.8	פעילויות מים	הליכה במים, מאמץ בינוני, קצב בינוני
18369	6.8	פעילויות מים	הליכה במים, מאמץ נמרץ, קצב מהיר וערני
18370	5.0	פעילויות מים	Whitewater rafting, קיאקים, או קאנו
18374	6.5	פעילויות מים	ריצה במים, 30 צעדים/דק׳, איטי
18375	7.5	פעילויות מים	ריצה במים, 40 צעדים/דק׳, בינוני
18376	8.5	פעילויות מים	ריצה במים, 50 צעדים/דק׳, מהיר
18377	9.8	פעילויות מים	ריצה במים, 60 צעדים/דק׳, מהיר מאוד
18380	5.0	פעילויות מים	גלישת רוח, לא שאיבה עבור מהירות
18385	11.0	פעילויות מים	גלישת רוח או kitesurfing, crossing trial
18390	14.0	פעילויות מים	גלישת רוח, תחרות, שאיבה עבור מהירות
18404	2.8	פעילויות מים	רכיבה במים, 25 וואט, 40-50 סל"ד
18408	4.8	פעילויות מים	רכיבה במים, 25 וואט, 60-70 סל"ד
18412	3.8	פעילויות מים	רכיבה במים, 50 וואט, 40-50 סל"ד
18416	6.0	פעילויות מים	רכיבה במים, 50 וואט, 60-70 סל"ד
18420	5.0	פעילויות מים	רכיבה במים, 75 וואט, 40-50 סל"ד
18424	6.3	פעילויות מים	רכיבה במים, 75 וואט, 60-70 סל"ד
18428	6.3	פעילויות מים	רכיבה במים, 100 וואט, 40-50 סל"ד
18432	7.5	פעילויות מים	רכיבה במים, 100 וואט, 60-70 סל"ד
18436	8.5	פעילויות מים	רכיבה במים, 80-89 סל"ד
18440	10.3	פעילויות מים	רכיבה במים, 90+ סל"ד
19005	7.5	פעילויות חורף	כלב החלקה במזחלת, mushing
19006	2.5	פעילויות חורף	כלב החלקה במזחלת, נוסע
19010	6.0	פעילויות חורף	הזזה icehouse, מערכה למעלה/drill holes
19011	2.0	פעילויות חורף	קרח דיג
19018	14.0	פעילויות חורף	החלקה, קרח ריקוד
19020	5.5	פעילויות חורף	החלקה, קרח, 9 מייל לשעה או פחות
19030	7.0	פעילויות חורף	החלקה, קרח, כללי (טיילור קוד 360)
19040	9.0	פעילויות חורף	החלקה, קרח, במהירות, יותר מ 9 מייל לשעה but לא תחרותי
19045	9.0	פעילויות חורף	החלקה הליכון, 6 - 6.9 מייל לשעה, 2% שיפוע
19046	10.0	פעילויות חורף	החלקה הליכון, 7 - 7.9 מייל לשעה, 2% שיפוע
19047	10.5	פעילויות חורף	החלקה הליכון, 8 - 8.9 מייל לשעה, 2% שיפוע
19048	11.0	פעילויות חורף	החלקה הליכון, 9 - 9.9 מייל לשעה, 2% שיפוע
19050	13.8	פעילויות חורף	החלקה, מהירות, תחרותי
19060	7.0	פעילויות חורף	סקי קפיצה, climb למעלה נשיאה skis
19075	7.0	פעילויות חורף	סקי, כללי
19080	6.8	פעילויות חורף	סקי, שטח פתוח, 2.5 מייל לשעה, איטי או מאמץ קל, סקי הליכה
19090	8.5	פעילויות חורף	סקי, שטח פתוח, 4.0-4.9 מייל לשעה, מהירות בינונית ו מאמץ, כללי
19100	11.3	פעילויות חורף	סקי, שטח פתוח, 5.0-7.9 מייל לשעה, מהירות מהירה וערנית, מאמץ נמרץ
19110	14.0	פעילויות חורף	סקי, שטח פתוח, עלית גולש סקי, >8.0-11.9 מייל לשעה, מרוץ
19112	16.0	פעילויות חורף	סקי, שטח פתוח, 12-16 מייל לשעה, עלית גולש סקי, מרוץ
19115	9.5	פעילויות חורף	סקי, שטח סקי גבוה-עצימות אימון
19130	15.5	פעילויות חורף	סקי, שטח פתוח, hard שלג, בעלייה, מרבי, שלג טיפוס הרים
19135	13.3	פעילויות חורף	סקי, שטח, החלקה
19140	13.5	פעילויות חורף	סקי, שטח, ביאתלון, החלקה technique
19142	12.8	פעילויות חורף	ביאתלון אימון, 5 מעלות שיפוע עלייה, 8 קמ"ש (5 מייל לשעה), עם/ללא רובה
19144	12.8	פעילויות חורף	ביאתלון אימון, 5 מעלות שיפוע עלייה, 10.7 קמ"ש (5 מייל לשעה), עם/ללא רובה
19146	9.3	פעילויות חורף	סקי, סלאלום
19150	4.3	פעילויות חורף	סקי, בירידה, סקי מדרונות או סנובורד, מאמץ קל, זמן פעילות בלבד
19160	6.3	פעילויות חורף	סקי, בירידה, סקי מדרונות או סנובורד, מאמץ בינוני, כללי, זמן פעילות בלבד
19170	8.0	פעילויות חורף	סקי, בירידה, סקי מדרונות או סנובורד, מאמץ נמרץ, זמן פעילות בלבד
19174	7.3	פעילויות חורף	סקי, Alpine סקי גבוה-עצימות אימון
19180	7.0	פעילויות חורף	החלקה במזחלת, tobogganing, bobsledding, luge (טיילור קוד 370)
19190	5.3	פעילויות חורף	שלג הנעלת סוסים, מאמץ בינוני
19192	10.0	פעילויות חורף	שלג הנעלת סוסים, מאמץ נמרץ
19200	3.8	פעילויות חורף	רכיבה על אופנוע שלג, נהיגה, קצב בינוני, שטוח יבשה
19201	7.5	פעילויות חורף	סנובורד, לשם הנאה, קצב בינוני, הרים
19202	2.0	פעילויות חורף	רכיבה על אופנוע שלג, נוסע, קל
19252	5.3	פעילויות חורף	שלג חפירה במגרפה, ביד, מאמץ בינוני
19254	7.5	פעילויות חורף	שלג חפירה במגרפה, ביד, מאמץ נמרץ
19260	2.5	פעילויות חורף	שלג מפוח, הליכה ו דחיפה
19300	12.5	פעילויות חורף	סקי, גלגלית, עלית racers
19305	5.5	פעילויות חורף	סקי גלגלים, 10 - 12.9 קמ"ש, ללא שיפוע
19310	6.8	פעילויות חורף	סקי גלגלים, 13 - 16.9 קמ"ש, ללא שיפוע
19315	8.3	פעילויות חורף	סקי גלגלים, 17 - 19.9 קמ"ש, ללא שיפוע
19320	10.5	פעילויות חורף	סקי גלגלים, 20 - 23.9 קמ"ש, ללא שיפוע
19325	15.0	פעילויות חורף	סקי גלגלים, 24 - 27.9 קמ"ש, ללא שיפוע
19330	12.5	פעילויות חורף	סקי גלגלים, 10-15 קמ"ש, 2-5 מעלות שיפוע עלייה
19335	14.3	פעילויות חורף	סקי גלגלים, 16-22 קמ"ש, 2-5 מעלות שיפוע עלייה
19340	12.3	פעילויות חורף	סקי גלגלים, 6-9 קמ"ש, 6-10 מעלות שיפוע עלייה
19345	16.0	פעילויות חורף	סקי גלגלים, >10 קמ"ש, 6-10 מעלות שיפוע עלייה
19400	9.0	פעילויות חורף	טיפוס הרים, בירידה טיפוס, הליכה למטה עם rope
19405	10.3	פעילויות חורף	טיפוס הרים, בירידה טיפוס/שטח סקי
20000	1.0	פעילות דתית	ישיבה ב בית כנסת / כנסייה, ב service, השתתפות בטקס, ישיבה בשקט
20001	2.0	פעילות דתית	ישיבה, נגינה  כלי נגינה ב בית כנסת / כנסייה
20005	1.8	פעילות דתית	ישיבה ב בית כנסת / כנסייה, שיחה או שירה, השתתפות בטקס, ישיבה, פעיל השתתפות
20010	1.5	פעילות דתית	ישיבה, קריאה דתי materials ב בית
20015	1.3	פעילות דתית	עמידה בשקט ב בית כנסת / כנסייה, השתתפות בטקס
20020	2.0	פעילות דתית	עמידה, שירה ב בית כנסת / כנסייה, השתתפות בטקס, עמידה, פעיל השתתפות
20025	1.3	פעילות דתית	כריעה ב בית כנסת / כנסייה או ב בית, praying
20030	1.3	פעילות דתית	עמידה, שיחה ב בית כנסת / כנסייה
20035	2.0	פעילות דתית	הליכה ב בית כנסת / כנסייה
20036	2.0	פעילות דתית	הליכה, פחות מ 2.0 מייל לשעה, איטי מאוד
20037	3.8	פעילות דתית	הליכה, 2.8 עד 3.4 מייל לשעה, מהירות בינונית, ללא נשיאת משא
20038	4.8	פעילות דתית	הליכה, 3.5 עד 3.9 מייל לשעה, מהירות מהירה וערנית, ללא נשיאת משא
20039	2.0	פעילות דתית	הליכה/עמידה שילוב עבור דתי מטרות, usher
20040	5.0	פעילות דתית	Praise עם ריקוד או ריצה, spiritual ריקוד ב בית כנסת / כנסייה
20045	2.3	פעילות דתית	הגשה מזון ב בית כנסת / כנסייה
20046	2.0	פעילות דתית	הכנה מזון ב בית כנסת / כנסייה
20047	3.3	פעילות דתית	שטיפת כלים, ניקיון מטבח ב בית כנסת / כנסייה
20050	1.5	פעילות דתית	אכילה ב בית כנסת / כנסייה
20055	2.0	פעילות דתית	אכילה/שיחה ב בית כנסת / כנסייה או עמידה אכילה, אמריקאי הודי Feast days
20060	3.3	פעילות דתית	ניקיון בית כנסת / כנסייה
20061	4.0	פעילות דתית	כללי יארד עבודה ב בית כנסת / כנסייה
20065	3.8	פעילות דתית	עמידה, מאמץ בינוני (לדוגמה, הרמה כבד חפצים, הרכבה ב מהיר קצב)
20095	4.5	פעילות דתית	עמידה, בינוני-עדכבד מאמץ, ידני labor, הרמה ≥ 50 ליברות, כבד תחזוקה
20100	1.3	פעילות דתית	הקלדה, חשמלי, ידני, או מחשב
21000	1.3	התנדבות	ישיבה, פגישה, כללי, ו/או עם שיחה מעורב
21005	1.5	התנדבות	ישיבה, קל משרד עבודה, ב כללי
21010	2.5	התנדבות	ישיבה, בינוני עבודה
21015	1.8	התנדבות	עמידה, קל עבודה (תיוק, שיחה, הרכבה)
21016	2.0	התנדבות	ישיבה, טיפול בילדים, רק בזמני פעילות בפועל
21017	3.5	התנדבות	עמידה, טיפול בילדים, רק בזמני פעילות בפועל
21018	3.5	התנדבות	הליכה/ריצה משחק עם ילדים, בינוני, רק בזמני פעילות בפועל
21019	5.8	התנדבות	הליכה/ריצה משחק עם ילדים, נמרץ, רק בזמני פעילות בפועל
21020	3.3	התנדבות	עמידה, קל/בינוני עבודה (לדוגמה, תרמיל קופסאות, הרכבה/תיקון, מערכה למעלה chairs/רהיטים)
21025	3.5	התנדבות	עמידה, בינוני (לדוגמה, הרמה 50 ליברות., הרכבה ב מהיר קצב)
21030	4.5	התנדבות	עמידה, בינוני/כבד עבודה
21035	1.3	התנדבות	הקלדה, חשמלי, ידני, או מחשב
21040	2.3	התנדבות	הליכה, פחות מ 2.0 מייל לשעה, איטי מאוד
21045	3.8	התנדבות	הליכה, 2.8 עד 3.4 מייל לשעה, מהירות בינונית, ללא נשיאת משא
21050	4.8	התנדבות	הליכה, 3.5 עד 3.9 מייל לשעה, מהירות מהירה וערנית, ללא נשיאת משא
21055	3.5	התנדבות	הליכה, 2.5 מייל לשעה באיטיות ו נשיאה חפצים פחות מ 25 ליברות
21060	4.5	התנדבות	הליכה, 3.0 מייל לשעה באופן בינוני ו נשיאה חפצים פחות מ 25 ליברות, דחיפה something
21065	4.5	התנדבות	הליכה, 3.5 מייל לשעה, במהירות ו נשיאה חפצים פחות מ 25 ליברות
21070	3.0	התנדבות	הליכה/עמידה שילוב, עבור התנדבות מטרות
22040	1.3	משחקי וידאו	ישיבה, וידאו משחק, יד בקר (inactive)
22120	1.5	משחקי וידאו	וידאו משחק, יד בקר (מאמץ קל)
22160	2.3	משחקי וידאו	וידאו משחק, מאמץ קל (Wii Fit, יוגה, באולינג, וכדומה)
22200	3.0	משחקי וידאו	משחק וידאו פעיל, תנועה חישה משחק/באמצעות עליון גוף (קל עד בינוני מאמץ)
22240	4.0	משחקי וידאו	משחק וידאו פעיל, תנועה חישה משחק/באמצעות כולל גוף (מאמץ בינוני)
22280	5.0	משחקי וידאו	משחק וידאו פעיל, תנועה חישה משחק/באמצעות כולל גוף (בינוני-עדמאמץ נמרץ)
22320	7.5	משחקי וידאו	משחק וידאו פעיל, תנועה חישה משחק/באמצעות כולל גוף, exergames, אימונים, ריקוד (מאמץ נמרץ)
22360	9.8	משחקי וידאו	כושר/פעילות גופנית וירטואלי מציאות כושר, עצימות גבוהה
